-2.3553,-1.3276
0.82656,-1.363
-1.8099,-0.89302
1.2859,-1.582
-0.15458,-1.2166
1.2869,-0.84791
-0.56387,-1.5607
1.3554,-1.9588
0.6762,-0.26657
-1.453,-1.2259
0.9591,1.3551
-1.5189,-1.506
-0.34404,-1.2781
1.0309,0.77153
0.99726,2.4196
0.90977,-1.0531
1.013,1.8315
-0.94844,-1.7983
0.57537,2.9103
1.2992,1.3845
0.43909,-2.069
0.92158,-0.93228
1.6351,-1.8218
-1.1462,-1.4569
0.54082,1.5629
-1.4001,-1.4625
0.82441,-2.2179
1.04,-1.7178
1.196,-1.2043
0.14466,-1.8358
1.3844,-1.4504
0.92092,-1.9831
1.6923,-1.1699
0.81255,-1.609
1.2806,-2.3207
0.67057,0.55377
1.0134,-2.0335
-1.1794,-1.4954
0.88574,-1.8325
0.53744,1.1799
1.3857,1.812
0.68073,-1.0925
1.5406,-1.5899
0.8825,0.99124
2.0104,2.4933
0.65381,-1.5706
0.068053,-2.0796
-0.72899,-1.5261
1.3448,-2.0447
0.86605,-1.2789
1.5043,-1.2359
0.91296,-1.6212
1.3304,-0.88921
1.2501,-1.4267
-0.81576,-1.473
0.62341,-1.5649
1.6728,-1.8503
0.7152,0.79547
1.612,-1.5996
1.6414,2.2408
0.82215,-1.5624
1.1774,-1.3432
0.62082,1.0553
1.005,-2.7117
1.497,0.85998
-1.0174,-1.4635
0.96618,2.4624
0.70633,-1.5123
-1.2237,-1.5473
1.8918,-1.365
0.76399,-1.6112
1.1887,-1.9851
1.2609,-1.3692
-1.3905,-1.4486
0.47128,2.0549
1.3645,-1.2622
-0.44213,-1.452
0.73938,2.2153
0.99022,0.33069
-0.9993,-1.5142
1.2325,0.18454
1.032,0.93091
-0.48536,-1.6382
1.3304,-1.2855
0.94112,-1.0969
0.79817,0.73764
-0.50456,-1.703
0.88325,-1.3793
0.92927,-2.3528
0.51846,-1.6016
0.99166,1.1636
-2.4981,-1.4117
0.89798,1.5986
1.6305,-1.6924
-0.94889,-1.3238
0.27785,-0.75656
1.0413,1.8379
0.81291,-1.55
1.3139,-1.3766
0.88634,-1.5347
1.0769,1.0066
0.63814,-1.6153
1.4144,-0.53022
1.1714,-1.9144
-0.52759,-1.6752
0.87543,-1.728
0.6365,1.3741
1.243,1.4293
-0.70343,-1.7966
0.8212,1.5658
1.5046,-1.3098
0.73727,-2.0926
-1.1756,-1.6082
0.56136,1.2042
0.97449,-1.2555
-0.81279,-1.1391
1.2106,1.3438
-2.3116,-1.7654
1.1607,2.3821
-0.67268,-1.7103
1.6065,-1.513
1.2358,-1.5251
0.60715,1.8675
0.74945,-1.4002
1.39,1.1156
1.0797,-2.1084
0.7627,1.7408
0.85077,-1.1738
-0.65725,-1.4174
1.3038,1.1057
1.0708,1.3155
-0.3719,-1.5396
1.0918,-1.324
1.1099,1.8607
-1.3651,-1.6474
1.3642,2.0202
-0.88978,-1.4418
-0.939,-0.94253
0.25828,0.81559
0.82656,1.3989
-0.76644,-1.3498
-1.77,-1.9658
1.0267,-1.4858
0.79707,-1.4057
0.75657,-1.989
0.58713,-0.96751
0.94387,2.0399
-1.207,-1.2974
0.65372,-1.9172
0.83653,-1.1066
-1.319,-1.3055
-0.41756,-1.5828
1.8014,2.0706
-1.216,-1.3588
1.4115,-0.91681
-0.90677,-1.7474
0.86664,1.9281
-1.3463,-1.4712
0.69596,1.0087
0.53779,-1.5038
0.73332,2.0185
-0.46962,-1.4639
-0.29763,-1.4048
0.98085,-0.81947
0.99886,2.0519
-0.37953,-1.4417
1.2267,0.67043
-0.87217,-1.3241
-0.83985,-1.3717
0.83344,-1.0101
-1.6039,-1.4871
1.139,-1.5727
0.98499,0.36222
0.52923,0.90568
0.30983,1.6729
1.0441,1.9722
0.84874,-2.0931
0.042947,-1.586
1.0665,1.7258
1.8097,-2.4438
0.47135,1.1183
0.71571,-1.1892
-1.2554,-1.2903
-0.36192,-1.2686
0.85151,-1.8031
1.2221,1.1659
0.83627,1.4035
1.1269,-1.4688
0.94621,-1.9685
1.1242,1.3503
1.7634,-1.4511
-1.1682,-1.5454
-0.66655,-1.7241
0.56085,0.65054
0.8528,-2.0444
-1.0538,-1.2958
1.1659,1.7091
1.1307,-1.706
0.51869,2.1227
0.93083,0.77481
1.6153,-1.9348
0.59422,1.372
1.7778,1.1569
0.37227,1.2136
1.0121,2.0119
0.34778,-0.91599
0.60404,-1.0209
1.3546,-2.0541
1.1683,1.7404
-0.35066,-1.3059
1.324,1.6039
1.2588,-1.6414
-1.4758,-1.8101
1.4796,-1.1793
0.62547,-2.0076
-0.56346,-1.6546
0.43021,-1.213
-0.15608,-1.4198
1.2646,-0.6446
0.91874,-1.7
1.1622,-1.6455
0.76416,2.0121
0.91708,1.6622
1.1909,1.4572
1.0645,1.3391
0.71547,1.5369
0.84067,1.1739
1.2611,1.0594
-1.0941,-1.4444
1.2163,-2.005
0.26847,-0.9462
-1.218,-1.7041
1.2505,1.328
-1.8516,-1.6459
-1.7688,-1.9407
1.0856,2.0654
1.1225,-1.9689
0.73851,0.76236
0.64002,1.3286
0.79858,-1.0067
0.41322,-2.1503
2.0421,2.0834
0.54145,-1.2809
0.82024,-1.5337
1.3365,1.2512
1.1637,-1.957
1.157,-0.97926
-1.3026,-1.4796
0.58526,-1.8428
0.65367,-1.4277
0.91817,-2.3806
0.44269,1.2683
0.079097,-1.5234
1.327,1.7941
-1.8882,-1.3919
0.72256,-0.98742
0.50527,1.6288
1.1233,-1.8753
1.212,-1.8808
-1.6936,-1.4921
0.89978,-1.576
0.87068,1.9599
1.951,-0.88957
0.72054,-1.1669
0.81525,2.0302
-0.69716,-1.5802
-1.4027,-1.2627
-0.99806,-1.4269
0.37736,-0.73396
2.0469,-1.2796
0.57403,-2.2074
1.2591,-1.6271
-0.90159,-1.5566
1.2695,-1.7676
1.2303,-1.8112
1.2212,1.2459
1.1078,-2.5258
-0.37643,-1.3178
-0.85345,-1.4807
0.8591,1.3951
1.3347,3.023
1.0513,0.63457
-1.9975,-1.1113
1.0907,2.1594
0.65153,-1.4723
0.854,0.99113
0.54892,1.5469
0.88779,-1.0334
-0.38439,-1.3259
-1.1795,-1.68
0.92515,-1.3833
1.0778,-1.3881
1.3147,-0.93644
-1.1057,-1.5488
0.68307,0.92822
-0.68352,-1.3292
0.93298,-1.3588
0.59765,-1.1837
-1.5764,-1.8268
-0.020766,-1.8064
0.41046,1.475
1.5257,0.62696
1.0821,2.2158
0.94027,-2.1546
-0.86936,-1.8818
1.002,-1.6208
-1.0342,-1.2381
0.86069,2.3475
-0.70555,-1.6172
1.2298,-1.3873
1.2545,-1.1827
1.6389,-1.455
-1.1651,-1.4114
1.1843,-0.95507
-2.217,-1.5899
0.48962,-1.2532
1.1581,-1.8482
0.72487,-1.3672
1.259,-1.9138
1.0835,-1.7474
0.9824,-0.32036
2.0732,-1.9587
1.4123,-1.369
1.0981,-0.91099
0.34668,1.7493
0.88146,0.60185
0.83833,1.0645
0.83126,0.9344
1.7272,-1.6498
0.75253,2.0607
1.115,-1.2468
0.76732,0.40191
1.3797,1.9305
0.1374,-0.82424
1.089,-1.1882
-1.0676,-1.5078
1.5692,-1.4975
0.56991,-1.5364
-0.63636,-1.3919
0.61292,1.6212
-0.19531,-1.6162
-0.80741,-1.1753
1.3507,-1.4222
0.94236,1.7151
1.7084,-1.4115
1.2257,-0.86695
-1.4742,-1.3393
0.89046,1.6631
-1.0165,-1.3152
0.14918,-1.4686
1.2866,-0.96508
1.0652,-1.7531
0.81071,-0.6263
-1.6033,-1.4132
0.90968,-1.662
1.4356,-0.78605
1.2027,-1.0187
0.80688,-1.5926
-0.65896,-1.7412
0.90238,-1.5877
0.68623,-1.646
0.91374,-1.561
-0.23102,-1.376
-1.1473,-1.8561
0.31456,1.3577
1.0163,-1.7636
1.2439,1.9694
1.0233,-1.7297
0.29769,-1.6029
1.1977,-1.1034
-2.3559,-1.6129
1.0019,-1.3252
0.69655,-1.5721
-0.75262,-1.3905
1.0245,-1.4133
1.0715,2.0566
-0.66371,-1.5841
1.0964,-1.1981
0.053173,-1.3137
0.78632,-1.403
0.39423,-1.0895
1.8313,0.16681
0.6975,-1.3383
1.3439,1.5401
0.0301,1.3297
0.97596,2.1875
1.2751,-2.0574
1.0151,-1.6454
1.6096,-1.2817
-0.99311,-1.6878
1.0068,1.6315
1.3179,-1.4714
1.3097,1.6594
-0.63446,-1.5221
1.0694,-1.3186
1.1443,-0.74596
0.90458,-1.6936
-1.078,-1.6189
0.65619,-2.0652
0.71714,-1.6207
0.99226,1.7042
1.4456,0.54834
0.86215,-2.0296
0.70372,0.789
1.226,2.7001
0.9816,-1.6863
0.23221,-1.5146
0.23903,2.9245
-0.28452,-1.837
-0.95016,-1.4684
1.2892,0.99004
0.011927,-1.5773
-0.35659,-1.3064
1.2519,-1.5317
1.0565,-0.98411
0.75007,0.93982
1.0547,-1.8533
0.85251,-1.8353
2.4279,3.5445
-1.7669,-1.6169
1.2141,1.7898
0.62966,-1.4979
-0.89138,-1.3685
1.0075,-1.6704
0.46858,1.3081
1.1049,-1.8592
1.0376,0.92929
-1.223,-1.2614
0.98666,-1.3956
-0.59536,-1.3643
0.098841,-1.9673
1.131,-0.89675
0.61629,1.2044
0.60888,-2.1292
0.78591,-1.6048
1.2197,0.19523
-1.5093,-1.5114
0.99454,-1.3352
1.3341,2.1567
0.5342,-1.3021
1.6363,1.8159
0.12948,-1.9783
-0.55585,-1.4381
1.0489,2.0774
-1.7322,-1.5752
1.2262,-1.4689
-0.37379,-1.3396
1.1414,-2.0027
0.82921,1.5466
-1.2655,-1.6258
-0.89954,-1.5958
1.39,1.6738
1.0962,-1.7616
0.96504,-1.6391
-1.6025,-1.6265
1.2023,1.6992
0.23726,1.4758
0.38248,-2.1207
0.8455,-0.97352
1.1671,-1.172
0.64908,-1.8026
0.66917,-1.8328
-1.4763,-1.3918
1.7906,1.8268
-1.0033,-1.2786
1.0986,-0.87559
0.90306,2.1029
1.2502,1.9518
0.99715,-1.4627
-0.43885,-1.3673
-1.0305,-1.6625
-0.88287,-1.3222
-0.95847,-1.0026
0.83363,1.4495
-0.86833,-1.523
-1.4137,-1.4098
0.96848,0.93492
-1.675,-1.6978
0.1086,1.4091
0.90642,-1.9187
1.5176,-1.3552
-0.41054,-1.5223
-1.0394,-1.5511
-0.51549,-1.5511
-0.89347,-1.4693
0.41542,-1.9977
1.8984,-1.2043
0.59383,0.80727
0.81604,-1.0636
0.59936,-1.7223
1.1457,1.2287
-0.35368,-1.507
0.51039,1.5711
0.93067,-1.2535
1.08,-1.4217
-1.2185,-1.6652
-1.1305,-1.3408
-1.9108,-1.715
1.2086,0.90539
-0.96939,-1.5881
0.90385,1.8618
0.97266,1.9694
1.2677,1.9099
0.3982,1.7599
-0.54229,-1.7364
0.77545,-2.1224
-0.39783,-1.1978
1.2572,1.4923
-0.50772,-1.6635
0.89512,-1.2547
1.0847,-1.2547
1.4966,1.4054
1.3483,0.55888
1.1154,0.92945
0.80444,-1.5891
0.51031,-2.3398
-1.4214,-1.3997
-0.40637,-1.6378
0.73406,-0.9189
0.82915,-1.2957
0.94999,1.1817
-0.55451,-1.2713
1.0719,0.90999
-0.22221,-1.2802
0.8096,-2.3206
1.3719,-1.1392
1.0572,-0.85798
1.0674,-1.9482
-0.45997,-1.8062
0.84938,-1.1848
1.2427,-0.8462
0.45996,0.80266
1.2307,-2.3343
1.4398,-1.8422
-1.2245,-1.6875
0.89594,1.3627
1.4513,1.8301
1.4267,-2.3397
-1.2245,-1.3609
-0.74813,-1.3798
0.89295,-1.4254
0.80421,-0.31021
1.7681,2.0767
0.95738,1.3709
-1.9827,-1.0953
0.9496,-1.3802
-0.3459,-1.5717
-0.9278,-1.2727
1.1887,1.673
1.0003,-1.4786
1.4992,3.1855
-1.2788,-1.4231
0.95929,2.4709
0.76965,1.4545
0.21876,-1.6956
1.2082,1.2716
-0.66459,-1.3873
-0.32353,-1.4717
-1.0661,-1.4258
0.96581,-0.55069
-0.5091,-1.1822
0.65899,-1.2953
-0.15621,-1.4006
1.7453,-1.4464
1.1733,1.5618
1.1972,1.0755
0.29828,1.2817
1.1761,0.59842
0.39795,2.5858
-0.70303,-1.3183
1.503,2.3715
0.9294,1.1088
1.1116,-1.2612
0.48424,-1.477
0.97751,-1.5839
-0.65425,-1.2388
0.65417,1.443
-1.0755,-1.6194
1.2687,1.5137
0.86617,0.40233
1.6525,-2.0438
-0.95044,-1.3567
1.5276,-1.984
0.73098,1.9419
1.1339,1.7471
-1.7037,-1.2985
-1.5901,-1.4896
-1.0506,-1.8707
1.0875,1.9765
1.8978,-1.4711
0.55402,-1.2259
-1.3174,-1.8256
-1.6763,-1.6118
-0.64474,-1.4515
1.3972,-1.3614
0.95931,-1.8548
0.48434,-1.3992
1.0804,0.89577
0.73641,1.0001
1.2669,-1.1819
1.2476,-0.77877
1.709,-2.5035
-1.2829,-1.6121
1.3172,0.23404
-1.0009,-1.3752
-1.7724,-1.4564
1.3133,1.3137
1.1315,-1.0784
0.25304,0.40059
0.71902,-0.90038
0.59234,-2.0541
0.53124,-1.7308
1.3412,1.7864
-0.97422,-1.6898
0.57124,-1.9296
-2.0553,-1.5296
1.3044,-1.3982
1.2708,-1.1603
1.3684,-1.8628
-1.1138,-1.6688
0.71002,-1.3234
1.115,1.7802
-0.27725,-1.7808
1.0114,-0.72779
0.8647,-1.2887
1.6459,-1.8263
0.70072,1.3804
1.5349,-2.1465
0.81036,-1.7665
0.67174,-1.4595
1.7199,-1.8513
-0.20614,-1.6035
0.75774,-1.3913
1.0529,-0.43057
-1.2775,-1.6056
1.2258,1.0191
1.0213,1.2382
1.2916,-1.1397
0.39017,1.8015
1.495,-1.4868
-0.5475,-1.1951
1.4054,-1.8711
1.5966,-1.8224
1.3828,0.68217
-1.086,-1.5683
0.92392,-1.8755
1.6838,-1.6562
1.2858,-2.0263
0.94766,-2.2308
-1.4125,-1.4365
-0.92297,-1.2921
0.98481,-1.5797
0.6635,-1.5619
0.73655,-1.1064
0.70447,-2.0919
1.1276,-2.0826
-1.94,-1.2886
1.1209,1.6317
-0.14456,1.8213
1.1676,-1.7759
0.60347,-1.1653
-1.5356,-1.6791
-0.50313,-1.4987
0.17872,-1.3231
1.1999,-1.6936
-0.44544,-1.3824
-2.1386,-1.8557
0.20083,1.2857
1.1145,-1.7745
-1.2292,-1.7742
-1.2466,-1.3673
0.98239,-1.3167
0.57802,1.4066
-1.0181,-1.5915
1.3228,-1.5359
0.6315,-1.8708
1.7139,1.3799
0.11557,-1.3146
0.8691,2.035
-1.0287,-1.8104
1.0198,-1.0688
0.92111,-1.5586
1.1573,-1.1039
0.39121,1.8726
0.32824,1.9734
1.498,0.72464
1.2197,-1.3129
0.76831,-1.3078
1.1686,2.1526
1.7218,1.1208
-1.8813,-1.4646
1.1945,-1.3676
-1.5679,-1.5877
2.014,-1.3245
0.477,-1.1823
-1.4989,-1.3208
1.6267,2.0079
0.84099,-1.3983
1.5181,-0.39275
-1.3944,-1.8434
-1.3064,-1.4773
-0.15293,-1.519
0.76934,0.99242
0.79131,1.5969
1.1802,1.3363
0.69424,-1.3359
1.0647,2.6867
0.4162,-1.2649
-1.5428,-1.6364
-1.0253,-1.4084
0.84528,-1.7216
0.97606,1.1552
1.4086,-1.5559
-0.11888,-1.4934
-0.77888,-1.0616
-0.75864,-1.6077
-2.2129,-1.6274
0.28645,-1.2884
0.89629,-1.9854
-1.1505,-1.6851
-0.83484,-1.4293
1.0665,1.9657
1.4513,2.9793
0.17334,1.4564
0.93661,-1.4974
0.34243,2.4489
1.4304,-2.0189
-1.5044,-1.5699
-0.72459,-1.5799
0.88789,2.284
1.0962,-1.5379
-0.34774,-1.3706
-1.696,-1.5695
1.3678,1.5129
1.0734,-1.6039
0.53702,1.0428
0.9272,-1.2537
1.1216,-1.0596
0.42567,-1.8911
1.3058,-1.232
-0.085917,-1.3846
0.50309,-1.702
1.1873,-1.371
-0.98571,-1.5044
-1.0543,-2.0282
1.0784,2.0758
1.3043,-1.4048
0.98876,-1.4439
0.582,-1.1137
-1.5545,-1.6188
-1.6174,-1.4587
1.5331,-2.014
-0.86359,-1.5451
-1.4928,-1.5513
0.93064,-1.5056
-0.61779,-1.485
0.9609,-1.7226
1.6418,1.9611
-0.98582,-1.442
1.1901,0.63161
1.3798,1.7107
0.84075,1.6539
0.5177,-2.2092
1.2808,-1.9022
1.7162,2.7974
0.98518,2.6778
1.687,1.9919
0.85875,-0.82274
1.1571,-1.8512
-0.68089,-1.6519
1.8077,-2.2175
1.3086,1.0078
-0.24538,-1.6854
0.95431,-1.3522
1.32,1.756
1.1104,2.0905
-1.039,-1.624
0.86717,-1.1301
0.23196,-1.8059
-0.031284,-1.3997
-0.61453,-1.4635
1.4092,-0.59493
0.85796,-0.94058
1.7669,1.967
0.80164,-1.3502
1.246,1.6677
-1.1942,-1.6961
-1.0858,-1.6187
1.0264,-1.7552
-0.98179,-1.2298
1.0961,0.87229
-0.38591,-1.9231
1.1337,-1.719
1.3571,1.1958
0.52204,-1.0413
0.81035,2.0924
1.4976,1.3109
0.63101,-0.57424
0.58681,-1.0587
0.63869,-0.31199
0.64479,-1.668
1.0406,-1.5071
1.4691,1.2808
1.078,1.4598
0.26781,-1.3917
0.65219,1.3567
1.7303,1.6226
1.0482,0.63389
1.0168,-1.3553
0.41318,-1.5416
1.17,0.38719
-1.6669,-1.5634
-1.2107,-1.2236
1.0828,1.3755
0.43144,-1.6083
0.92626,-1.3392
0.89265,-1.1518
1.6191,-1.7467
0.43056,1.4342
0.66417,-2.1642
-1.2154,-1.523
0.77186,-1.1264
1.7829,0.44206
-0.92925,-1.8006
0.67413,-1.3385
-1.0563,-1.5588
1.2086,-2.3218
1.3381,-2.6085
0.4828,-1.5035
0.41222,-1.0174
1.4865,-1.3531
1.2484,0.42273
1.0606,1.7468
1.3275,-0.9953
0.84244,-1.907
-1.4629,-1.3161
-1.4521,-1.7677
-1.7741,-1.9416
1.4711,-1.1058
0.82725,0.99904
-0.96641,-1.92
0.81619,-2.3413
1.1354,-1.9312
1.715,-1.8282
0.64394,2.0464
1.3758,-1.2299
1.088,-1.1135
0.27271,-1.2503
0.66797,1.4269
0.96842,2.2369
0.88556,1.3634
-1.0897,-1.5634
-0.70709,-0.84676
-1.0501,-1.3767
0.097461,-1.4829
0.81057,-2.1814
0.64746,-0.99764
1.5594,-2.2103
0.74265,-1.3966
1.2213,-0.91664
0.60315,1.493
0.67347,-1.4539
0.5518,-1.3259
0.74751,-1.7001
0.58396,2.2593
0.8047,-1.0758
1.7109,1.0323
1.4655,-1.732
0.77093,-1.2363
1.02,1.829
-0.43198,-1.5709
1.0226,0.96401
-0.4225,-1.2478
1.2103,-1.0392
-0.096322,-1.4409
1.3158,-2.0614
1.0823,-1.6385
1.1343,1.6993
1.2311,-1.4028
-0.99361,-1.4751
1.3432,-1.8513
1.3451,1.889
1.4072,-1.4312
-0.13777,-1.9502
0.88018,-1.7537
-0.66683,-1.3593
-0.84923,-1.5357
0.84225,-1.6079
2.0127,-1.9893
0.97976,-1.7921
-1.6922,-1.5816
1.0334,1.5983
1.119,-1.5573
-1.3223,-1.5458
1.5756,1.1933
0.9195,2.1861
0.071243,-1.6175
0.68483,-1.6377
-0.52063,-1.7142
0.88282,-1.0279
-0.63793,-1.6586
1.3199,-1.2601
0.91855,-1.4928
-0.57958,-1.3696
-1.1951,-1.4798
0.97539,1.9354
1.0764,1.0591
0.21779,-0.85028
0.48018,0.31904
0.96523,1.6844
-0.80024,-1.5147
-0.98398,-1.5481
0.40677,-1.5426
-1.6709,-1.6194
1.382,1.4215
-1.1155,-1.8962
-1.4516,-1.5034
1.6805,1.4817
0.70585,-2.0426
-1.497,-0.92247
0.14971,-1.9911
1.08,-1.9153
1.043,-1.3244
-1.4582,-1.3901
0.87591,-1.748
1.202,1.5243
1.6706,-1.0308
1.0346,2.4075
-1.1955,-1.6166
0.57165,-1.6421
1.098,-1.0501
1.3368,-1.3095
0.78217,-1.5096
0.79512,0.60799
0.72271,1.8466
-0.37191,-1.3648
-1.4379,-1.3334
1.2475,1.0006
0.8186,0.71838
-1.1496,-1.4009
-1.095,-1.4414
-1.5603,-1.276
1.004,1.6736
1.2151,-0.79211
0.5693,2.217
1.6045,-1.1304
0.6364,-1.531
0.87501,-1.0121
1.0816,2.0938
1.0482,-1.627
-1.1186,-1.6156
1.0485,0.6025
1.0772,0.72614
-0.44671,-1.1911
1.3427,1.6952
-0.51088,-1.2721
0.46838,-1.535
1.0288,-1.6426
1.3117,1.9898
0.94555,-1.238
1.7707,1.64
1.4131,1.7263
0.29384,-1.8854
-0.6313,-1.6571
-1.0753,-1.6902
0.59461,-1.3991
1.7466,-2.3596
1.4896,1.6951
1.2925,-1.8472
-1.0271,-1.4618
0.84451,-1.0886
0.81935,0.91244
1.0088,2.1241
-1.1854,-1.5735
-0.41545,-1.9238
0.8115,-0.80591
0.32648,1.6062
1.3518,-1.2735
1.14,-1.6165
-0.79621,-1.6346
1.3989,-1.5104
-1.3065,-1.4108
-1.0961,-1.5228
1.1205,-1.3696
1.1465,-1.3711
-1.5259,-1.7435
1.736,1.0086
-1.916,-1.0954
-0.79441,-1.4641
1.015,1.5823
0.99243,1.5979
1.1642,0.77242
0.75796,-1.3313
1.3726,-1.26
-0.39435,-1.3018
0.95574,-1.0049
0.77424,2.126
0.91727,-1.5623
0.82907,-1.3764
1.2258,-0.73131
-0.31777,-0.19274
-0.47114,-0.33689
-0.96212,-0.056209
-0.25925,0.26749
0.028704,0.53291
0.81037,0.060927
-0.61902,0.12206
0.69913,-0.047737
0.19381,-0.48316
0.75459,0.20192
-0.21107,-0.83701
-0.34382,-0.51359
-0.24628,0.1734
0.41468,0.077816
0.041857,0.18731
1.3266,0.16636
0.070385,0.78892
0.044774,-0.33649
0.46595,-0.17895
0.10105,0.43813
0.40397,-0.80167
-1.181,-0.35085
0.82595,0.11754
-0.075876,-0.077944
0.51908,0.16524
0.2379,-1.0453
-0.087017,0.0095941
-0.43001,-0.011475
-0.30116,0.43495
-0.28541,0.65234
-0.021322,0.44777
1.1424,0.033414
0.74729,-0.53623
0.91167,-0.60421
-0.032696,-0.16342
-0.57458,-0.65402
0.32319,-0.6946
-0.67034,0.56444
0.00084806,0.18984
-0.45067,-0.098397
0.15347,0.083728
0.89404,-0.31204
-0.07498,0.41611
0.47405,-0.98687
-0.19594,-0.33836
-0.0080105,0.25759
0.22241,0.57045
0.22384,0.15772
0.4728,0.21433
-0.6623,0.054911
-0.82736,0.55534
-1.0539,-0.27492
0.04713,-0.01911
0.94146,0.02773
-0.30695,0.29351
-0.60335,0.27267
0.12547,-0.19637
-0.31102,-0.59524
-0.93923,-0.212
0.38862,-0.35696
0.79232,-0.44416
1.0704,-0.34609
0.049649,0.71749
0.6167,-0.37882
0.36929,-0.55718
-0.85293,0.33058
-0.86482,-1.069
-0.030024,0.69285
0.60891,-0.74753
0.018642,0.40144
0.48693,0.78037
0.79312,0.42815
-0.71224,0.019851
-0.68996,0.61654
0.87104,-1.0007
0.41775,-0.17141
-0.23898,-0.44455
0.63171,0.1916
-0.059434,0.20862
0.50661,-0.43476
-0.39734,0.34425
0.79284,0.62509
-0.057802,-0.66588
-1.1714,-0.46328
0.56478,-0.27456
0.14187,0.10639
-1.1014,0.62554
1.0124,-0.019448
0.49929,-0.37867
0.29807,1.0616
0.65586,-0.34997
-0.50981,0.026557
-0.11851,-0.031368
0.63555,0.11057
0.83201,-0.02148
-0.066618,0.3966
0.21314,-0.10495
-0.79408,-0.55819
0.30843,0.27173
-0.73395,0.059954
0.26468,-0.58762
-0.49911,0.59702
-0.87685,0.22326
0.48903,-0.89563
-0.065095,-0.58762
0.044981,-0.21108
-0.82547,0.30898
0.29808,-0.30922
0.26394,-0.67216
-0.61738,-0.57672
-0.054664,-0.2621
0.95565,-0.035553
0.28092,0.28704
0.18587,0.095847
0.62204,-0.58208
0.81763,0.34316
-0.57474,0.55508
0.59128,0.85366
-0.21016,0.81969
0.13173,-0.73174
-0.38809,0.46474
0.89648,-0.59158
-0.055588,-0.32838
0.93987,-0.44804
0.66575,-0.31229
0.38834,-0.66213
0.75014,-1.1015
0.16126,0.2105
-0.41035,-0.48323
0.30467,-0.51811
-0.014119,-1.4099
-1.0405,-0.022377
0.55898,-0.82475
0.33933,0.24716
-0.29423,-0.011962
1.0957,-0.70029
0.24005,0.10378
0.16104,-0.0029402
0.14069,-0.12567
-0.84673,-0.29201
0.11722,0.12939
0.30183,1.1105
-0.82707,0.34021
0.067915,-0.018994
-0.34657,-0.063763
0.34018,0.21311
-0.80283,0.45311
0.12476,0.94711
-0.55619,-0.36102
-0.87609,0.0018062
0.49757,-0.23948
-0.25955,-0.14733
-0.080275,0.51176
0.0079474,-0.24133
0.31734,-0.68222
0.29931,-0.10325
1.0697,-0.32441
0.2118,0.058933
-0.54039,0.43776
-1.1131,-0.97306
-0.6548,0.65281
0.49198,-0.62569
-0.089877,-0.3717
0.11662,1.0507
-0.43833,0.97439
-0.23264,-0.32596
0.30482,0.35456
0.1399,-0.73373
-0.34566,-0.43399
-0.25625,-0.39104
0.21289,0.50577
-0.12533,0.27712
0.37944,0.066921
-0.13628,-0.27131
-0.58155,-0.13676
0.079752,-0.093354
0.10895,0.023119
0.33516,-0.31525
-0.059205,0.12103
-0.18804,0.14022
-0.88723,0.22929
0.23091,-0.00059374
-0.17647,-0.2165
-0.85239,0.54786
0.31789,-0.54359
-0.73863,-0.19262
0.34042,0.41632
0.2673,0.38401
0.87744,-0.85216
0.23475,-0.027152
-0.37444,0.35838
-0.0027565,0.60006
-0.51701,-0.42378
0.21671,-0.44376
0.060616,-0.20095
0.54834,0.21834
-0.2035,-0.31935
-0.20244,1.1969
-0.024812,-0.10129
-0.098767,0.75816
-0.8661,0.55624
-0.35964,-0.13668
0.3387,-0.46823
0.21286,-0.037272
-0.6994,0.096153
0.29019,0.31893
-0.28299,-0.0080688
0.31116,0.26672
-0.19467,-0.63583
0.1363,0.15873
0.74918,-0.7769
-0.17715,0.21711
-0.050739,1.0144
-0.18361,-1.1819
0.36493,-0.69951
0.65744,0.20191
-0.17208,-0.49003
0.92867,0.15477
-0.24455,-0.34744
-0.090196,0.62814
0.95537,0.013596
0.21356,0.16168
-0.82448,0.070169
-0.24902,-0.21389
-0.075437,-1.4454
-0.36727,0.37811
0.060396,-0.25795
-0.17043,-0.54
-0.34869,-0.2915
-0.093063,0.29398
-0.010521,-0.039881
-0.41776,0.48931
0.11774,0.28302
0.10965,0.40386
0.75626,-0.21582
0.27128,0.33965
-0.0043835,0.95597
-0.48931,-0.24306
0.038949,0.013101
-0.11139,-0.23985
0.41229,-0.030202
-0.40338,0.85642
0.45608,0.74442
-0.013374,0.95791
0.45984,-0.90405
-0.63265,0.29182
-0.058094,-0.071906
0.53738,0.85109
0.19562,0.063666
1.1255,-0.005339
-0.22527,-0.29752
-0.36783,0.040848
-0.43043,-0.92921
-0.64244,0.2181
0.54564,0.6013
1.1564,-0.54199
0.68227,0.04084
-0.23389,-0.21319
0.44481,0.32488
-0.90309,0.51235
0.41262,-0.11817
-0.49063,-0.38479
-0.61806,-0.025107
-0.19433,-0.15597
0.11068,-0.14866
-0.8486,-0.29935
-0.26167,-0.85791
0.44284,-1.0833
0.21106,-0.1474
-0.18213,0.32383
-0.15177,-0.11342
-0.43579,0.56288
0.49581,0.34322
0.26563,0.36322
0.34713,0.19705
0.31581,-0.35455
0.014673,0.27519
-0.36274,0.00038219
-0.093756,0.62071
0.23624,0.54724
0.31134,0.50462
-0.047249,0.057576
-0.31408,0.19379
1.5371,0.048793
-0.022797,0.42913
-0.78181,0.56411
-0.42379,0.28375
0.1383,-0.033513
-0.35864,0.20866
0.56228,0.34132
0.69805,-0.69429
0.0096312,-0.67518
0.057318,0.27082
-0.38383,0.64141
-0.23743,0.31172
-0.17385,-0.37916
-0.36858,-0.72552
0.76038,-1.2236
-0.64502,-0.99229
-0.67147,-1.3959
0.30109,0.020221
-0.51546,-0.65049
-0.65899,-0.13923
-1.011,0.20336
-0.044913,-0.17113
0.32611,0.17287
-0.17234,0.015393
-0.066674,-0.31302
0.55572,0.60108
0.036191,-0.51337
-0.58649,0.1255
-0.13231,-0.4066
0.066008,-0.59233
0.17021,-0.79605
-1.2269,-0.10406
-0.49096,0.76556
0.68633,-0.30606
-0.48337,-0.1082
-0.15804,0.69266
-0.17415,0.60276
0.61862,1.2599
-0.18973,-0.23763
0.83786,-0.36918
-0.90775,0.043364
0.25013,-0.18149
-0.17535,-0.68145
0.8614,0.10069
-0.27384,0.20091
0.4172,-0.52415
0.11263,-0.24118
0.82536,0.079463
-0.56234,-0.055532
0.22453,1.0503
0.019784,0.28579
0.60036,0.25439
-0.43488,-0.080532
-0.32891,0.35338
0.77016,-0.010971
0.52738,-0.34838
0.079651,-0.088235
0.81513,0.14698
0.38386,-0.17059
-0.3167,0.19735
-0.40922,-0.68086
-0.15106,0.79959
-0.19616,0.11041
-0.29686,-1.0252
0.00021355,0.84683
-0.16576,-0.57507
-0.49534,0.18209
-0.21017,0.49181
-0.13788,-1.0428
-0.21974,0.35596
0.51324,0.64247
0.50036,0.5367
0.94702,0.76722
0.087794,-0.23806
-0.13987,0.35132
0.60409,-0.12378
0.75634,-0.36247
-0.23267,-0.19348
-0.33098,0.43495
-0.093543,0.92577
-0.0030643,0.93314
-1.215,0.18091
0.14174,0.96759
0.13086,0.88958
0.94637,-0.31016
-0.59533,0.4291
-0.40754,-0.078577
-0.28561,0.050405
0.29821,0.3561
0.067821,-0.47345
-0.42346,0.14615
-1.0922,-0.58722
-0.78288,-0.16397
0.24261,1.1824
-0.0020635,-0.53382
-0.22677,0.22911
0.51092,-0.22954
-0.0023049,0.59293
0.11187,0.040196
-0.16553,-0.19231
0.529,-0.26583
-0.023635,-0.51691
0.30187,0.12459
0.22077,-0.013463
-0.37105,-0.042657
-0.64205,-0.1693
1.1536,0.83616
0.43389,0.21903
0.41328,0.19475
0.46588,0.60288
-0.51063,-0.095495
-0.013575,-0.27756
-0.49709,0.63606
0.33391,-0.45539
-0.52634,0.2136
-0.34442,-0.59915
-0.12373,-0.42237
0.42481,1.1533
-0.85048,0.41875
0.21122,-0.42128
0.48083,-0.44419
-0.94112,-0.56166
0.28908,0.20516
0.50133,0.24539
0.63018,-1.0024
-0.15225,-0.1816
-0.028942,0.53359
-0.33821,0.12623
-0.95533,-0.45768
0.47007,-0.87173
0.70742,-0.24205
0.26388,-0.58814
0.3774,-0.00070527
0.62703,-0.27337
-0.36768,-0.37804
0.98735,-0.16486
-0.80451,0.47428
0.012476,-0.17794
0.25841,0.44374
-0.31859,0.055449
-0.15533,-0.28905
0.23776,0.36068
-0.68507,0.55506
0.07442,-0.11802
-0.79424,-0.12861
-0.03478,0.0519
-0.21825,0.46305
0.78401,0.62181
-0.11527,0.1678
0.20336,-0.3109
-0.0057436,-0.29486
0.034378,0.80502
-0.093517,-0.36538
0.68872,0.43653
-0.2627,-0.3685
0.70545,0.015685
0.092627,0.17464
-0.31453,0.54444
1.1766,-1.2439
0.098983,0.47268
-0.39792,0.044868
0.085297,-0.29988
0.35328,0.60743
0.11161,0.18483
-0.27325,0.55924
-0.045135,0.22033
0.58738,-0.14862
-0.097092,0.045278
-0.11166,-0.63446
0.2412,-0.72077
-0.15223,-0.7042
0.65072,0.042695
0.23948,-0.13142
0.79342,-0.20199
0.57585,0.57656
-0.2628,0.21468
0.0633,1.0575
-0.49711,-0.79227
0.15543,-0.4848
-0.29457,0.16572
-0.64903,0.53585
0.2107,0.7112
-0.15593,0.45651
-0.55946,0.12042
0.56171,-0.32411
0.043686,0.81734
-0.39225,-0.55519
0.46681,-0.011744
-0.55034,-0.44686
0.17313,0.12244
-0.17579,0.11453
0.28222,-0.36548
-0.15988,-0.36283
0.66994,-0.63935
0.80705,-0.28488
-0.0010158,0.47877
0.36889,-0.1707
0.44429,-0.58986
0.69074,0.58022
0.0092563,0.20195
0.48975,-0.16387
0.2727,0.3436
0.18598,-0.71027
-0.16783,-0.98812
-0.19151,-0.39493
-0.04802,0.1887
0.41501,-0.071583
0.020072,0.50664
0.64836,0.1088
0.43063,-0.36495
0.79281,-0.33139
-0.38377,0.26906
-0.032666,-0.79325
0.53873,0.3476
0.82381,0.14742
0.35249,-0.57573
0.92973,1.1857
-0.19066,-0.34739
0.50006,-0.56764
0.076805,-0.067409
0.41332,-0.98442
0.061719,0.13096
-0.88555,-0.07942
0.31459,-0.63789
-0.15002,0.098425
-0.26129,0.78659
0.38472,-0.28938
0.16581,0.56441
0.12411,0.27846
0.32157,0.36957
-0.66137,-0.3384
-0.17644,-0.79871
-0.70094,0.17882
0.17945,0.4623
0.1828,-0.38339
-0.0078618,-0.35826
0.43358,-0.75548
0.42972,0.24905
0.38655,-0.28931
0.098566,-0.020517
-0.75542,0.24239
0.2213,-0.37155
0.62001,-0.88256
-0.2055,-0.19542
-0.35686,-0.33197
0.24152,-0.4369
0.03444,-0.21256
-0.064181,0.96617
-0.27093,0.44276
0.018934,0.01574
-0.95131,0.51039
0.077262,-0.21701
0.018714,-0.054504
0.91601,-0.55342
-0.28077,0.1314
0.92708,0.12867
0.55557,0.37631
0.35947,0.64377
1.1456,0.073793
-0.14501,0.093607
-0.15159,-1.1557
-0.057975,0.08392
-0.18315,-0.10844
0.61812,0.04126
-0.014949,-0.33067
-0.27862,-0.050452
0.063963,0.1943
0.81762,0.67828
-0.5986,0.87829
-0.49275,1.2856
0.099643,-0.21936
-1.0107,-0.19899
0.77107,-0.20633
-0.22541,-0.6565
-0.58696,-0.28934
0.18002,-1.0311
0.33368,-0.24056
0.40216,-0.0021729
-0.22135,0.25138
0.25258,1.0126
-0.6506,-0.35102
-0.61172,-0.28506
-0.2527,-0.22071
-0.23446,-0.25519
-0.11857,0.21412
0.55686,-0.18248
0.91371,0.43638
0.60983,-0.4901
-0.91409,0.16347
0.17216,-0.85013
-0.74294,0.17603
0.51823,0.67817
-0.45913,0.30231
0.30712,-0.016038
-0.52594,-0.55224
0.37026,-0.84103
-0.14747,0.070238
0.54648,-0.17958
-0.69624,0.17402
-0.35983,0.88874
-0.43397,0.085502
1.0212,0.52705
-0.0084578,0.23958
1.2014,0.70032
-0.6642,0.092357
0.53243,-0.76742
0.14434,-0.034082
0.14419,-0.40254
-0.91349,-0.53622
0.93745,-0.064867
-0.47577,0.73393
0.45949,-0.4313
0.53748,0.5552
-0.38688,0.26994
-0.18537,0.6254
-0.63103,-0.20427
0.41039,-0.039767
0.2882,0.86877
-0.21318,-0.54791
0.78114,-0.2187
0.15914,-0.29098
-0.7844,-0.47367
0.65612,-0.20757
-0.075091,0.15002
0.58841,0.076199
-0.12924,-0.42624
0.29141,-1.0442
-0.58749,0.36816
0.22343,-0.63842
0.26851,0.23473
-0.59215,-0.035888
0.80104,-0.24676
-0.67377,0.079378
-0.28008,-0.17935
0.20508,-0.027417
-0.19072,-0.51586
-0.41013,-0.51176
-0.30258,0.88026
0.073827,-0.27468
-0.063932,0.12266
0.13804,0.15936
0.54527,-0.17194
0.17756,-0.30931
-0.92948,-0.28597
0.70899,-0.1773
0.51094,0.30091
-0.29863,0.95668
0.43672,0.45129
-0.45482,-0.32354
0.32322,0.59988
-0.01319,0.85597
-0.063899,0.35903
0.0016833,0.54698
-0.16354,-0.015693
-0.75416,0.15113
0.044868,0.26405
0.1691,-0.33467
0.33202,1.3051
-0.32073,0.46614
-0.28888,-0.45421
-0.56141,0.28768
0.016622,0.43685
-0.095007,-0.58768
-0.099174,-0.036884
0.3062,-0.60522
-0.92156,0.22942
-0.38827,-0.24539
0.27519,0.0091662
0.082462,0.59215
0.53295,0.0017963
-0.26584,-0.59689
0.15788,1.1565
0.52354,0.11248
-0.54895,-0.61293
-0.26501,-1.8711
0.20869,0.62175
0.055292,-0.16354
0.67645,-0.21387
-0.28969,0.46298
0.0027552,-0.31725
0.42916,-0.24039
0.74485,-0.3147
-0.29698,-0.31435
0.17813,0.65254
0.18284,0.38604
0.62766,-0.064167
0.47431,-0.06225
1.05,0.13014
-0.27274,0.050216
-0.36645,-0.76208
0.17489,0.11643
0.327,-0.42248
-0.40256,-0.24538
-0.50285,1.3457
0.18577,-0.32656
0.21216,0.61476
0.3388,0.45832
0.24037,-0.75357
-0.37995,0.52992
-0.099042,0.1296
0.27746,-0.51071
0.095056,-0.21739
-0.73708,0.19662
-0.42204,-0.25142
-0.66961,-0.30148
0.21977,0.78575
-0.56577,0.17266
0.26169,0.52198
0.62993,-0.55294
0.030687,0.61535
0.27255,0.69999
0.60824,1.1719
-1.31,-0.16593
-0.16932,-0.71181
-0.26062,0.71112
0.029647,0.48029
0.81745,-0.14513
-0.20481,-0.65856
-0.13865,-0.35735
-0.10964,-0.11279
-0.36418,-0.57234
-0.18884,0.007313
-0.44784,0.17612
-0.072064,-0.13033
0.45587,1.1531
0.42382,0.32135
0.00236,0.064893
0.29071,-0.27649
-0.74628,0.21456
-0.35093,0.19686
-0.41527,-0.62671
-0.70172,0.14055
0.97727,0.10022
0.24525,0.071905
0.11505,1.1827
-0.39063,-0.079445
-0.33685,0.35702
0.12759,-0.16363
0.37105,-0.50285
0.05971,0.10022
0.78693,0.26931
0.01653,-0.67087
-0.73545,0.29532
-0.35009,-0.1206
-0.43471,0.090802
0.11394,0.87236
0.90894,0.53082
0.54199,-0.58484
0.63789,-0.47079
-0.79973,1.5831
0.15933,-0.33147
0.0039629,0.034505
-1.035,-0.35778
0.26466,0.01777
-0.83145,-0.24575
-0.075033,0.040666
-0.83939,0.12767
0.76453,-0.79636
0.2194,0.67183
0.19017,0.29453
-0.23752,-0.092595
-0.57236,-0.060753
-0.27631,-0.32902
0.72363,-0.058529
0.31497,0.18765
-0.50744,-0.94493
-0.71688,0.13797
-0.1506,0.37975
-0.18997,-0.66115
0.048166,0.55052
0.13271,-0.092978
-0.21047,0.63406
0.45715,-0.21483
-0.6732,-0.45678
0.16666,-0.54629
-0.19348,-0.061218
-0.32989,-0.31224
-0.11316,-0.27542
-0.67113,0.36829
-0.45977,0.51752
-0.1717,-0.15394
0.64779,0.13054
-0.20114,-0.41348
-0.25861,0.19995
0.42357,0.024005
-0.24646,0.16772
0.33561,-0.21083
0.72156,-0.18214
0.44914,0.48417
0.028314,-0.042333
0.43601,-0.90183
0.01687,0.034569
0.18279,-0.44243
-0.70509,-1.3192
0.27255,0.539
-0.22217,1.1897
-0.32049,-0.65564
-0.072844,0.052893
0.34118,0.06052
-0.38181,-0.76151
-0.29335,-0.68187
0.3618,-0.051814
-0.9265,0.1828
-0.4612,0.67519
0.026099,0.11462
-0.39369,0.26151
0.032452,0.10808
-0.16014,0.32169
-1.2196,0.08284
0.5241,-0.095333
0.28907,-0.29775
0.086374,-0.29199
0.57251,0.23497
0.68796,-0.02088
-0.029655,0.15665
0.7242,-1.1951
-0.83828,0.63338
0.94677,-0.10239
0.67691,1.0851
0.094848,-0.22776
-0.2386,-0.12806
0.39934,-0.085324
1.0187,-0.16984
-0.35793,0.27226
0.11766,0.23126
-1.0469,-0.075001
-0.91676,0.092669
0.38249,0.58979
0.37648,0.24204
0.38772,-0.028331
-0.019251,0.51022
0.54364,-0.23542
-0.89864,-1.1477
-0.81129,-0.50004
0.22356,-0.38792
-0.042667,0.1847
-0.69311,-0.42512
-0.37469,-0.40089
-0.21962,0.39359
-0.25374,0.34716
0.17016,0.095928
0.48752,1.0701
0.73367,-0.79202
0.26496,-0.62342
-1.0054,-0.60535
-1.091,-0.56564
0.67715,-0.23824
1.3404,0.19541
0.502,-0.072997
-0.13979,-0.39168
0.080408,-0.74147
-0.42503,-0.53461
0.084169,0.75795
1.0788,-0.87785
0.17337,-0.32705
-0.54074,0.05169
-0.23593,0.025559
0.38425,-0.46774
-0.076355,-0.85018
-0.19163,0.49443
-0.87285,0.19543
-0.676,0.1095
-0.22515,-0.13926
-0.80194,-0.45553
-0.096511,0.035839
-0.095657,-0.32061
0.66428,-0.097232
-0.38795,-0.37932
-0.037799,0.4645
-0.21228,0.43578
0.11326,-0.28166
-0.40861,0.088672
-0.051664,-0.4525
-0.39717,0.26956
0.26083,-0.1557
0.41306,-0.17497
-0.057751,0.61741
-0.26996,-1.0215
-0.64444,0.14542
-0.1079,1.3757
-0.70754,-0.12193
0.020125,-0.68691
0.53959,0.37197
0.77143,0.34376
-1.7751,-0.48353
0.1559,-0.40753
0.14169,-0.033119
-0.27375,0.034028
0.25649,0.57155
-0.44697,-0.28589
-0.36032,0.42395
0.78631,0.52786
0.67051,0.12464
-0.40085,0.33987
0.86319,0.25303
0.46461,-0.77175
0.28553,-0.076961
0.27666,0.63839
-0.31971,0.75297
-0.4717,0.020416
0.15348,0.53341
-0.16157,-0.46794
0.70831,0.18132
-0.95684,0.15996
-0.85029,0.39546
0.69358,-0.091389
-0.4542,0.61346
-0.25535,-0.40924
-0.63089,-0.73382
0.13789,-0.16587
0.39424,-0.028347
-0.10484,-0.86073
-0.38773,0.052215
-0.21407,0.63752
-0.91572,-0.090599
0.057288,-0.36118
0.056001,0.83063
-0.52519,-0.17544
-0.70954,0.36397
-0.60303,-0.4291
0.71148,0.41171
-0.37799,0.50827
-0.32955,0.053014
0.91718,1.1286
-0.22158,-0.015005
0.51955,0.30376
-0.11651,-0.10473
-0.39201,-1.136
-0.078326,-0.59893
-0.11397,1.2341
0.016943,0.75476
-0.55536,0.63779
-0.83681,-0.13996
0.14538,0.31005
-0.062131,-0.54111
-0.60884,-0.36108
-0.50958,-0.28954
-0.47526,0.62103
0.13496,0.14173
-0.41949,0.13841
0.16151,-0.46802
-0.59459,-0.96747
0.4364,-0.50607
0.023369,0.041555
0.045608,-0.3191
-0.11318,-0.15346
0.67479,-0.57809
-0.10296,0.5332
0.21053,-0.5441
0.39658,-1.3509
-0.24629,0.78387
0.24923,0.3958
-0.046477,-0.19011
0.34796,1.1585
-0.1342,0.71851
-0.26965,-0.21504
0.32537,-0.45103
0.47114,-0.84163
-1.2104,-0.079461
0.16444,0.6377
0.059834,0.47721
0.12028,0.33975
-0.48439,-0.038204
-0.29889,-0.11849
1.1483,-0.70208
0.017089,-0.16045
0.18969,0.89634
0.45616,-0.32846
-0.71688,0.424
-0.49606,-0.35763
0.23268,-0.76122
0.77812,0.051411
-0.11704,0.40391
0.40311,-0.12459
0.55117,0.18366
0.55,0.13174
-0.095546,0.87437
-0.3916,0.31654
1.0112,-0.20667
0.31732,0.15978
-0.17412,-0.0017771
0.30889,1.1642
0.44321,-0.12204
-0.98656,0.12453
0.13049,-0.39574
0.50467,0.19544
0.29345,-0.24309
-0.34193,-0.23371
-0.55529,-0.26127
0.36342,-1.1277
-0.88599,0.013295
0.16425,-0.47441
0.26822,0.62951
0.34187,-0.7817
-0.36528,-0.42691
-0.16938,-0.33564
-0.42081,0.95496
-0.16648,-0.076213
0.14318,-0.86611
-0.57082,0.23493
0.17569,-0.58051
0.56283,-0.03337
0.070845,0.054642
-0.27499,-0.91564
-0.065438,-0.78249
-0.082333,0.10367
0.098981,-0.69314
0.1833,-0.60523
0.12584,0.3016
0.7992,-1.0254
0.41463,-0.081078
-0.037655,-0.2812
0.11708,-0.12931
-0.30938,-0.2693
0.30814,0.24581
0.55031,0.18147
-0.072947,-0.56919
0.15739,-0.15329
0.11076,0.43729
-0.24642,-0.24113
-0.1296,0.1063
1.0185,-0.43645
0.66996,-0.10772
0.44895,0.029853
-0.26711,-0.1296
0.47944,0.63339
0.48051,-0.28188
-0.64441,0.20043
0.26399,-1.2563
0.012115,1.0478
-0.094218,-0.3221
-0.50388,-0.90548
-0.24472,0.15071
-0.49195,0.12673
0.39398,-0.29665
0.2461,0.28274
-0.021403,0.97822
-0.6361,0.13753
-0.46337,-0.36088
0.22049,0.54645
0.085052,0.65242
-0.46507,0.16908
-0.26545,-0.37868
-1.3158,0.38009
0.93743,0.24982
0.68816,0.02949
-0.61521,-0.43624
-0.40133,0.55119
-0.24018,0.045721
-0.66657,-0.091532
-0.81293,-0.35121
0.37975,0.85483
0.24272,0.048619
0.53663,0.36401
-1.2244,-0.89578
-0.41668,-0.4368
-0.80012,-0.33913
-0.46559,0.55011
-0.30499,-0.63801
-0.20813,-0.34248
0.13108,-0.11564
-0.74276,0.29016
-0.18198,-0.30001
-0.4259,0.39694
-0.054465,-0.77641
1.0854,-0.17085
0.13553,0.17741
-0.65326,0.61057
0.12556,0.071827
0.67532,0.079548
-0.86114,-0.0080299
0.5835,0.60632
0.13234,-0.84674
0.54822,-0.028692
0.095946,0.64064
0.20138,-1.8611
-0.83187,-0.414
-0.64565,0.076732
0.07598,-0.34656
0.58473,-0.39404
-0.1728,-0.33369
-0.44823,0.027309
-0.69708,-0.1561
0.41516,0.40689
-0.97304,0.20336
-0.22899,0.22527
0.086059,-0.15804
-0.0066582,0.30395
0.36301,-0.37484
-0.66368,-0.20953
0.51,0.17141
0.197,-0.22127
-0.38283,1.0385
-0.052583,-0.016624
-0.13685,0.034857
-0.15975,-0.52211
0.24647,0.71989
0.092434,-0.37207
0.028214,0.51015
0.89157,-0.70262
0.057005,-0.21664
0.2723,0.084458
-0.29431,-0.90359
-0.60709,-0.3032
-0.13685,0.58787
-0.29729,0.18602
0.45291,0.11583
0.042399,-0.30527
0.42066,0.81431
0.23777,0.15366
0.11768,0.51702
-0.16545,-0.2561
0.26593,-0.15324
0.44591,-0.73193
0.66318,-0.36531
0.11927,-0.23394
0.35679,-0.70875
-0.53365,0.81619
-0.48769,-0.34918
0.031159,-0.39935
0.073353,0.58796
0.034342,0.86309
-0.72487,-0.14232
-0.43702,0.18425
-0.63083,-0.8798
-0.19677,-0.90752
-0.44905,-0.27365
-0.8352,0.28196
0.15281,-0.31357
-0.69617,-0.13765
-0.083925,-1.0865
0.65371,0.21776
-0.87677,0.98904
-0.076773,-0.7367
-0.46302,0.13135
-0.7199,-0.23677
-0.050753,-0.21248
0.10183,-0.35601
-0.12526,0.095364
-1.11,-0.9591
-0.53354,0.039927
0.1014,-0.36556
0.65622,0.5665
-0.088553,1.6628
-0.18265,0.4917
-0.031511,-0.86243
0.93992,-0.53178
0.036866,0.96041
0.32137,0.1855
-0.07271,0.1226
0.94508,-0.23048
-0.11077,-0.22779
-0.20602,-0.086241
0.30944,0.044105
-0.38036,0.82598
-0.43478,-0.16522
0.040049,-0.8411
-0.50454,-0.64683
-1.3321,1.0665
-0.36518,0.42003
0.008597,-0.49707
-0.020195,0.20237
-0.57141,0.59905
0.59842,-0.048688
0.30717,-0.6093
0.28594,-0.064155
0.80426,-0.47854
1.0058,0.010042
0.22275,0.72476
0.55148,-0.43793
-0.45762,-0.45741
0.53738,-0.067849
-0.22236,0.041259
0.51788,-0.079445
0.15464,-1.1577
-0.33379,-0.53329
-0.31958,-0.38098
-0.21105,-0.24566
0.32887,0.71804
-0.76752,0.87642
0.64153,0.046821
0.79005,0.12239
-0.51013,0.56392
1.1162,-0.38712
-0.50073,0.56916
-0.011976,-0.68192
0.61816,-0.077038
-0.3976,-0.29079
-0.24883,0.46871
-0.57786,0.23461
0.50221,-0.42992
0.16719,-0.82673
0.34844,-0.5611
0.40318,0.21678
-0.2057,-0.73993
0.66579,0.076351
0.83865,0.0042825
-0.88919,0.84503
-0.14569,0.4622
-0.36112,0.30592
0.41749,0.50654
0.24952,-0.020405
0.072239,0.15117
-0.36923,0.27521
-0.53224,-0.95269
0.083283,0.098866
0.11037,0.88642
0.61644,0.9319
0.11018,0.45432
-0.29559,-0.11549
-0.87388,0.034916
0.46349,-0.52909
-0.11124,-0.36204
-0.4042,0.4512
0.033634,0.3698
0.19839,0.4679
-1.1286,-0.51106
-0.085942,0.17396
0.57422,-0.31981
-0.30247,-0.14258
0.34761,0.053217
0.56285,-0.38597
0.20557,0.19359
-0.822,0.14819
0.86985,-0.59889
-0.31854,-0.50838
0.56453,-0.27826
0.37568,-0.82238
-0.91128,0.49868
0.29665,0.14004
0.48353,0.033796
0.069953,-0.43745
0.0047528,-0.55016
-0.44535,-0.23862
0.069368,0.80142
0.18877,0.20307
0.27164,0.60183
0.29021,0.031836
-0.21652,0.29861
-0.84176,0.020866
0.47162,-0.11398
0.28841,0.086215
0.29251,-0.24673
0.83563,0.19831
0.070505,-0.5953
-0.096574,-0.7228
-0.14429,-0.61457
-0.031983,0.076103
-0.24227,0.81645
0.68445,0.70695
0.29536,0.39
-0.32862,0.065907
-0.56121,0.11992
0.57108,-0.55043
-0.10444,-0.73304
0.30314,0.61541
0.57173,-0.51283
-0.35452,-0.051079
-0.19756,-0.26378
-1.2623,0.31834
-0.11721,0.34668
0.13226,-1.4893
-0.15066,0.39304
0.52258,-0.15861
0.26026,0.11899
0.46094,0.9818
-0.45572,1.05
0.10723,-0.39952
-0.40517,0.058884
0.069011,0.20546
0.4135,0.1808
-0.51225,-0.34508
-0.37944,-0.29523
0.17758,0.17036
-0.11377,-0.49942
-0.16292,0.29852
-0.064803,0.72017
-0.4092,0.14709
0.57569,-0.43013
-0.028048,-0.60737
-0.46555,-0.72364
-0.46737,0.18382
-0.12008,0.29152
0.51387,0.18128
0.38774,0.37749
1.1787,0.3786
-0.746,0.14788
0.33371,0.47133
0.40857,-0.24595
0.013846,0.1726
0.10787,1.0145
-0.80226,0.42784
0.59321,-0.2953
0.24783,-0.044501
-0.51671,0.050336
0.83407,-0.19957
0.31376,-0.56067
-0.46083,-0.61952
-0.71734,-0.47126
-0.44982,-0.22103
-0.82177,-0.25343
-0.38746,-0.39687
-0.15842,0.58588
-0.0023989,0.21051
0.79275,0.3423
0.064693,0.54301
1.1149,-0.25848
0.42419,-0.407
-0.62423,-0.3387
-0.036866,-0.98087
-0.7993,-0.028533
0.30028,0.39273
0.21867,-0.089902
0.26501,1.2464
0.98841,-0.029691
0.70722,-0.31029
0.1754,0.072211
0.38165,-0.60747
0.31213,0.084313
0.16438,-0.51431
-0.19679,-0.77207
-0.36693,-0.48495
-0.17481,0.084621
0.42398,-0.53453
0.14681,0.54324
0.48066,-0.79722
0.36601,-0.084384
0.6907,0.46465
-0.17442,0.13471
0.25543,-1.2306
-0.30699,-0.19772
-0.57238,-1.1162
0.42002,-0.30689
0.58608,-0.47912
0.47656,0.35172
0.27995,-0.519
-0.089158,-0.23497
-0.47994,-0.22251
-0.81059,-0.078697
-0.098729,-0.41568
0.31867,-0.5243
-0.12409,0.26246
0.10661,-1.1987
-0.38621,-0.20305
-0.27666,-0.67648
-0.021558,-0.083815
0.6398,0.05611
0.35274,-0.065198
-0.91273,-0.73664
-0.3757,-0.21686
0.28818,-0.41723
-0.3144,0.12793
-0.28102,-0.61421
-0.27702,-0.34014
0.34558,0.11097
0.27297,-0.22987
1.0584,0.054551
-0.45991,-0.6618
0.049325,-0.20332
-0.67595,-0.23491
-0.81401,0.34121
0.97185,0.37012
-0.16159,0.67982
0.14552,-1.1095
-0.072314,0.03935
0.28111,-0.082138
0.58685,-0.6642
1.2296,0.6761
-0.12339,0.14401
-0.43634,-0.46538
0.038078,0.49283
0.46292,1.0657
-0.16292,-0.11151
-1.3672,-0.15427
0.073054,0.018866
-0.32382,-0.6437
-0.20551,1.1003
-0.46452,0.0013322
-0.57881,0.58227
0.39322,0.080171
-0.023769,0.73944
0.28889,-0.0017659
0.068332,0.76949
0.24742,0.13443
0.28429,-0.049295
-0.49361,0.1838
-0.81115,-0.34707
0.52897,-0.34729
0.13506,-0.10763
0.13873,0.2118
-0.25046,-1.0623
0.51058,-0.27896
0.1424,0.48478
-0.5412,0.62808
0.37058,0.06119
-0.17939,0.6026
0.22289,0.26617
1.3464,0.27732
0.58826,-0.025342
0.90113,-0.047549
-0.4975,-0.0083215
-0.85802,0.6288
-0.59208,0.14082
0.45717,0.24137
0.18678,-0.43224
-0.027525,0.4652
-0.38179,-0.61785
-0.34933,0.42722
-0.13728,0.11144
-0.87242,-0.38632
-0.34974,-0.63297
0.58698,0.51995
-0.78361,0.12493
-0.48278,-0.082873
0.022839,0.85478
0.18522,-0.32823
0.41569,0.438
0.069154,1.1211
-0.083383,-0.22952
0.2731,-0.65115
-0.20576,-0.27004
0.68323,0.35342
0.30379,0.45991
0.4497,0.016359
-0.70793,-0.84043
0.018891,0.83173
0.4155,0.52383
0.89691,-0.24256
-0.31681,0.55095
-0.35851,1.1
0.44531,-0.31772
-0.18675,0.26094
0.35645,0.5842
0.16998,-0.50736
0.046573,-0.7681
0.28811,0.28603
0.07334,-0.46286
0.63657,0.49396
-0.35593,-0.66715
0.50212,0.30426
0.017962,0.12768
0.34858,-0.21559
0.77696,0.17333
-0.38324,-0.24673
0.75227,-0.32493
-0.53024,0.57736
0.15963,1.1018
-0.13395,0.31903
-0.0096846,0.21613
-0.79487,0.12483
0.38155,-0.0028661
-0.17984,0.012952
-1.0446,0.62093
0.17107,0.2753
0.32735,0.14341
0.70918,-0.55947
-0.037344,0.54206
-0.0072748,0.32146
-0.80993,0.17437
0.54171,-1.1201
-0.11782,-0.62659
-0.5151,0.29642
0.54513,-0.10473
-0.25961,0.90112
-0.043063,0.19031
-0.17396,0.25366
-0.61108,0.010782
-0.44285,-0.095811
0.34476,0.97967
-0.22602,0.26663
-0.22853,0.044723
1.3913,0.090665
-0.29847,0.50111
0.46241,-0.76084
-0.32004,-0.22401
-0.12683,0.052455
-0.28018,0.21672
0.23538,-0.42129
0.18796,-0.56093
0.41244,-0.10692
0.36001,-0.49673
0.39093,-0.13813
-0.036321,-0.13586
0.33562,0.90136
0.44805,0.014725
-0.37379,0.042024
-0.49881,-0.043679
0.47104,-0.043749
0.59639,-0.24908
0.21877,0.16502
-0.70007,-0.26094
0.50246,-0.56889
-0.076624,-0.48712
-0.48975,-0.46073
0.41157,0.0032825
0.18707,-0.2776
-0.062319,0.41849
-0.64374,-0.37926
0.51029,0.84721
-0.43159,0.21964
-0.62344,0.32885
0.066564,-0.5069
0.25448,0.63225
-0.078803,-0.44932
-0.55898,-0.62094
0.19923,0.1697
-0.39179,0.37701
-0.53279,0.74368
-1.0639,-0.13689
0.37665,0.0061375
0.024535,-0.25426
0.98263,-0.23017
0.349,0.60563
-0.16988,0.72432
0.22196,-0.7439
-0.23564,-0.072608
0.31896,0.35635
0.34853,-0.7235
-0.76288,0.67276
0.41172,0.20609
0.77309,0.92347
-0.38615,0.020951
0.21553,0.060183
0.1014,0.097077
0.54329,-1.3744
-0.0029459,-0.12522
-0.23435,0.072005
0.26711,-0.14247
0.0090668,-0.82496
-0.55715,-0.18666
-0.085191,-0.53349
-0.59032,0.30646
0.067414,0.68845
0.27287,-0.58282
-1.1093,0.069618
-0.11357,0.27728
0.45699,-0.10009
0.074393,-0.36068
0.60065,0.025943
-0.26629,-0.22873
0.90914,0.25398
0.21022,0.16846
0.22717,0.23613
0.0031881,0.8558
-0.11971,-0.42172
-0.20638,0.59148
0.39076,0.58598
-0.10708,0.075468
-0.90715,0.4728
-0.053744,0.028019
0.50675,-0.13669
0.21542,-0.35892
-0.26592,0.27083
-0.10589,-0.78283
-0.26893,1.4548
0.24641,0.10755
-0.20451,-0.90973
0.067799,-1.5395
-0.46169,-0.72756
-0.10665,0.53681
0.25797,-0.22183
-0.81327,-0.26658
-0.59279,0.21474
-0.29281,0.70837
-0.058688,-0.75943
0.039618,0.35868
-0.24797,0.30887
0.16965,0.19222
-0.16327,-0.063822
-0.067134,-0.064239
-0.72787,-0.009133
-0.59522,0.063973
-0.58322,0.68138
0.41049,-0.2696
1.0323,0.56968
0.4267,-1.0364
-0.63288,-0.35114
-0.16385,-0.65578
0.32754,-0.26136
-0.082686,-0.27427
-0.04413,0.68609
-0.91524,-0.48073
-0.23546,0.27737
-0.51154,-0.26239
0.35174,-0.61397
0.5238,0.17109
0.28496,-0.0074445
-0.49873,-0.79976
0.07669,0.35778
0.3621,-0.043023
0.82407,0.092514
-0.20149,0.052611
-0.30799,0.34377
0.77838,0.52004
0.12413,-0.6804
-0.31834,0.20152
-0.0383,0.69122
0.33043,-0.71685
0.31649,0.3343
0.87535,0.042663
0.13151,-0.7877
-0.23017,-0.74677
-0.073983,-0.38974
-0.64404,-0.0022426
-0.42035,0.63389
1.1137,0.076331
0.14113,-0.97917
0.7487,-0.31191
0.19545,-0.10065
0.17178,-0.043196
0.065346,-0.53203
0.066347,-0.74419
-0.054283,0.091295
-0.13922,0.16286
0.4425,-0.797
-0.72768,-0.30989
0.2141,0.17285
-0.17767,0.29005
1.0394,-0.53952
-0.42304,-0.915
0.066805,0.3974
-0.18575,0.54502
-0.11578,0.12185
0.50694,0.29396
0.15784,0.71324
-0.45703,-0.23237
0.1481,-0.17852
-0.28193,0.36019
-0.25382,0.19753
-0.091686,-0.2179
0.22863,0.14555
-0.98685,-0.16953
-0.53931,0.055948
-0.35873,-0.0070795
0.62679,0.85088
0.39927,-0.79906
0.7336,0.53754
0.12672,1.2152
-0.23048,0.89684
-0.55325,-0.19862
-0.58628,0.28131
0.18197,-0.32561
-0.70349,-1.3488
-0.47681,-0.71726
0.33054,0.53871
-1.0011,-0.87369
-0.23947,0.47367
0.6266,0.73524
-0.1982,-0.32881
-0.51688,0.27546
0.3824,-0.76507
-0.069913,-0.26565
0.30108,0.57194
0.59976,0.24375
-0.20936,-0.23883
-0.58717,0.58217
-0.44918,-0.97367
-0.41351,0.72553
0.12642,-0.18338
0.10215,0.19422
0.21897,-0.090141
1.1422,0.52912
-1.2385,-0.47571
-0.016246,0.24859
-0.14238,-0.022932
-0.16246,-0.65818
1.0649,-0.098061
1.1623,-0.44511
-0.12859,-0.65442
-0.4278,0.45102
0.37788,-0.43774
0.07548,-0.2202
0.41382,-0.38466
0.77789,-0.77518
0.14537,-0.75651
-0.36283,-0.5378
0.77441,-0.08126
0.16291,-0.72095
-0.48004,0.17379
-0.051559,0.33032
0.57856,-0.45969
-0.48526,0.22805
-0.060408,0.0064494
-0.44278,-0.47429
0.2234,0.78007
-0.17326,0.55408
0.68486,0.536
0.75821,0.17939
-0.80712,-0.41188
-0.07728,-0.72597
-0.2621,0.63735
-0.39024,0.10149
0.14064,0.92262
-0.12591,0.32268
-0.61567,-0.43857
0.16327,0.26218
-0.23608,0.13737
-0.33637,0.28712
-0.35117,0.12565
0.17621,0.71644
-0.55473,0.10688
-0.8632,0.063417
0.39216,-0.53359
-0.10257,0.61431
0.82789,0.0010246
0.74291,-0.079276
-0.43697,-0.05192
-0.8713,-0.41313
-0.31061,0.68921
0.11128,1.0221
0.22257,0.17682
-0.11187,-0.44577
0.084736,-0.18807
-0.77863,0.25747
-0.082496,0.131
-0.2602,0.3427
-0.29927,0.17789
0.3341,-0.062675
-0.46018,0.11932
0.5386,-1.089
0.057002,0.070569
0.17498,-0.18934
0.16909,-0.27704
0.12765,0.57407
-0.045385,-0.53961
-0.051686,0.21705
-0.13511,0.83064
-0.22058,-0.21254
0.81483,0.14932
0.26765,0.66682
-0.32759,-0.09285
0.43475,-0.39833
0.11943,-0.58171
0.25466,1.1178
-0.081269,-0.20113
0.83054,-0.469
-0.1883,-0.016395
0.3035,-0.54452
-0.48389,0.15222
-0.094571,-0.838
-0.8618,-0.86606
0.0099049,0.22657
0.33353,-0.53099
-1.0054,0.29612
-0.042103,-0.0088734
-0.20305,-0.15578
0.95088,-0.076925
0.25539,-1.0856
-0.74367,-0.39085
0.073396,0.18083
1.2549,-0.87867
-0.86407,-0.14059
-0.43471,-0.51929
0.47645,-0.21334
0.23426,0.10172
-0.80033,0.38293
-0.12815,-0.33108
-0.076593,0.19667
0.55248,0.051045
-0.86234,0.41716
-0.27324,0.9226
0.30502,0.32707
-0.17051,-0.42163
-0.36495,-0.64831
-0.41184,0.59096
-0.29913,-0.029786
0.77869,-0.24935
-0.10072,0.34567
0.099705,0.2313
-0.18918,-0.088447
0.80995,1.0107
-0.01718,-0.38703
-0.045414,-0.28871
-0.35928,-0.98719
-0.77505,-0.014688
-0.32355,0.66114
-0.9256,-0.46435
0.25138,0.2345
-0.22011,-0.50172
-1.1856,-0.23791
0.23477,-0.060483
-0.6846,0.47788
0.36848,-0.095183
0.041102,0.036825
0.08919,0.38592
-0.18016,0.7945
-0.57237,-0.16098
-0.40044,-0.33287
-0.82597,0.58287
0.038141,-0.063459
0.048108,-0.35538
-0.18498,0.44869
-0.033284,0.25551
0.32768,0.51408
-0.26749,-0.37263
0.18972,-0.47142
0.5878,-0.53667
0.54581,0.81322
-0.64425,0.59106
0.25949,0.057829
-0.11898,-0.092851
0.44146,-0.32335
-0.3049,1.5452
0.79575,0.54363
0.479,-0.012687
-0.86978,-0.095514
0.38072,0.33578
0.80222,0.61108
0.22691,-0.27586
-0.14134,0.25531
-0.2355,-0.22238
0.72719,-0.06689
-0.79062,-1.0964
0.1226,-0.23953
-0.19871,-0.06981
0.018616,-0.50955
-0.012673,-1.0978
-0.46694,-0.19708
0.13869,0.13891
0.63338,0.84116
0.22248,-0.41329
0.26663,0.62635
0.56413,0.051239
-0.7278,-0.64436
-0.18305,0.26031
-0.2947,-0.78441
0.66049,-0.22628
0.50019,0.21855
-0.65263,0.027572
0.33693,-0.34287
-0.34716,0.16016
-0.51892,-0.34085
0.6629,-0.17191
0.22733,-0.24441
-0.77183,-0.23922
-0.28077,0.10054
-0.25152,0.5052
-1.0279,0.1945
-0.26611,0.4823
0.034122,0.81593
-0.20426,-0.15876
0.23763,0.52674
-0.60397,-1.325
-0.095207,0.12445
0.76159,-0.13035
0.045907,0.33524
-0.30924,-0.507
-0.11496,-0.88832
0.25277,-0.51818
-0.7778,0.02927
0.2392,-0.11727
0.26545,0.37709
0.34093,-0.10396
0.13267,-0.27614
0.75485,-0.35999
-0.57628,-0.31309
-0.34713,-0.63927
-0.63847,0.86467
0.033567,-0.46188
0.53355,-0.47922
0.76712,-0.14581
-0.38433,0.66015
-0.27885,0.0044722
0.36358,0.14519
-0.31952,-1.0531
-0.39105,0.34125
0.53821,0.12282
0.46356,0.16141
0.72613,0.74957
-0.29166,0.010081
0.30064,0.64166
0.073826,-0.25742
-0.014952,-0.66649
-0.2661,-0.42977
0.091153,-0.12207
0.57283,0.098216
-0.56677,0.21963
-0.49761,0.10366
1.2226,-0.21882
0.10083,0.57291
-0.50755,0.62716
-0.20041,0.41635
-0.2669,0.86535
0.5966,-0.34306
0.9146,-0.13972
0.4033,0.088939
-0.0024362,1.0155
-0.76931,-0.75872
0.40594,-1.0818
0.41083,0.65351
-0.7432,-0.016263
-0.29938,0.46634
-0.31663,0.40189
-0.38215,0.5387
0.18641,-0.59294
-0.57555,0.028324
-0.98902,0.45787
0.73823,0.33067
-0.57374,0.12024
1.1189,0.62884
0.2729,0.43706
0.67171,0.096038
-0.053258,-0.13489
0.080766,-0.11614
-0.38206,-0.46483
0.30393,-0.28256
-0.47059,-0.68567
-0.68678,0.3433
-0.18203,0.30953
0.6077,-0.13341
0.36273,1.448
-0.16768,0.2238
-0.15274,0.55847
-0.20011,-0.20858
0.33149,-0.010876
-0.34232,-1.0834
-0.70393,-0.27033
0.39416,0.34946
0.27309,0.51391
-0.099685,0.19079
-0.030927,0.22462
-0.09275,0.51639
-0.78084,1.181
-0.13513,-0.61605
-0.57251,-0.020634
0.6509,-0.47165
0.20951,-0.41289
0.47734,-0.27584
-0.39876,1.0882
0.13974,0.6541
0.47875,0.10513
0.6767,-0.057041
0.27303,-0.77689
-0.61098,0.38261
-0.17705,-0.20509
0.19212,-1.3145
-0.18015,-0.53994
0.23616,0.015274
-0.766,-0.049674
-0.11289,0.26217
-0.31285,-0.67475
-0.037788,0.25065
0.18045,0.3303
-0.46837,-0.42596
-0.33457,0.30863
0.14182,0.17549
0.50875,0.33883
-0.087081,0.080803
1.114,0.72084
-0.22427,-0.93231
-0.19621,0.067115
-0.99882,0.65144
0.70966,-0.0058258
-0.19609,0.3757
0.36554,-0.064045
-0.27817,0.12879
0.93075,-0.72751
0.85902,-0.91812
-0.41847,0.28724
0.55475,-0.43174
-0.0919,-0.40809
-0.77061,0.57048
-0.24068,0.01529
1.0565,0.17089
-0.013102,0.36014
0.12016,-0.60321
0.36714,0.0042007
-0.044497,0.38096
0.097758,-0.27398
-0.6037,0.32559
0.39372,0.10162
0.045867,-0.044871
-0.059153,-0.10503
0.7168,0.58031
-0.18643,0.36986
-0.28989,-0.35841
-0.06113,0.10364
-0.28273,-0.71961
0.40017,-0.22306
0.011479,0.29236
0.041692,0.011329
0.17875,0.27436
-0.28825,0.17601
0.30336,0.17638
-0.76135,0.57371
-0.52015,0.97263
-0.33071,-0.10978
0.54467,-0.67907
0.23189,0.36784
0.26897,-0.36356
0.22758,-0.48977
0.1494,-0.27589
0.094643,-0.40789
0.20656,-0.24598
-0.42594,-1.1032
0.23528,0.86923
-0.27768,0.71943
-0.092348,-0.40612
0.041319,-0.20413
0.34721,-0.42964
0.064701,0.14389
0.063623,0.14327
-0.21179,-0.73948
0.16904,-0.47281
0.55681,-0.154
0.43137,0.86213
-0.16968,-0.30089
0.55586,0.15845
0.018641,0.071111
-0.36951,0.52492
-0.22995,0.55505
-0.24307,0.72796
0.14857,-1.5514
-0.091297,0.62998
-0.15943,-0.32532
0.22442,0.732
0.37096,0.056642
0.25761,0.25917
-0.090073,0.1988
-0.0064656,0.35073
0.31055,-0.71377
-0.27347,-0.61525
0.048034,-1.1389
-0.059022,0.52908
0.21815,0.70576
-0.0073061,-0.2689
-0.91738,1.3178
0.14539,0.5328
0.26761,-0.19367
-0.15982,-1.2623
-0.50314,-0.21208
-0.3306,0.36378
0.22831,-0.25309
-0.59232,0.39089
-0.040191,0.16708
0.17302,-0.059746
0.3581,0.11397
0.023328,-0.53237
0.01993,0.45843
-0.20438,0.20054
0.31749,1.6653
-0.35923,-0.10198
-0.21496,-0.76648
0.091849,0.16271
-0.18123,-0.022477
-0.05119,-0.1511
-0.4268,-0.35965
-0.45852,0.34946
-0.012939,0.16403
-0.35053,-1.0832
0.024887,0.31306
0.57179,-0.91083
0.14844,0.079257
0.023075,-0.055303
0.97233,-0.57899
0.1007,0.22089
-0.98836,0.2194
0.72901,-0.14342
-0.14564,-0.72811
0.15153,0.51828
-0.62871,-0.67572
-0.30021,0.048031
0.56037,0.28103
-0.041128,-0.42179
0.03045,0.26943
-0.36089,0.115
0.13506,0.6633
0.77807,-0.93162
0.54723,-0.32474
-0.6562,-0.30319
-0.23868,0.15621
-0.10788,-0.67606
-0.17413,-0.95365
0.79116,-0.32184
0.3477,0.33364
-0.32721,-0.76362
-0.76578,0.4035
-0.059838,0.53145
-0.23395,-1.4636
-0.54257,0.39786
0.10391,0.93535
0.17326,-0.89656
1.2413,0.53648
-0.72997,0.1105
-0.022258,-0.37888
-0.90683,-0.47346
0.13728,-0.27795
-0.42857,0.02457
1.3029,0.12282
0.38467,-0.27069
-0.77871,-0.56354
0.27114,0.024087
-0.023568,0.43046
1.0406,0.48146
-0.1674,0.15057
0.47056,0.035199
0.73671,0.61801
0.29958,-0.77819
-0.59804,-0.50447
0.52381,-0.012963
0.95056,-0.060189
-0.0052695,-0.11205
0.64196,0.52691
0.093293,-0.25013
-0.18769,-0.18151
0.34061,0.50695
0.82252,0.51912
-0.53897,0.50302
0.063226,-0.35459
-0.10042,-0.072169
0.00098145,0.07086
-0.067752,-0.22232
0.61625,0.72354
0.27255,0.03492
0.71109,-0.1844
-0.15068,0.028388
0.49805,-0.050937
0.27461,-0.050063
0.1115,-0.98902
0.69836,0.50328
-0.5301,-1.2374
0.82842,0.029538
0.46693,0.29646
0.20683,0.58682
0.238,-0.85249
0.33984,-0.17017
0.096963,0.10979
0.17161,-0.27885
-0.28572,-0.53709
0.54852,0.046965
0.22661,0.51742
-0.57802,-0.56738
-0.088135,0.34531
-0.43446,-0.37577
0.26709,0.15715
0.27856,0.34627
0.52226,-0.86837
0.07234,0.18414
-0.8507,0.046605
0.53372,-0.76041
0.021131,-0.28803
0.35348,-0.56115
-0.56527,0.64735
0.24111,0.685
0.43354,0.30771
0.060057,-0.66088
-0.0034045,0.10311
0.25332,-0.4562
0.04566,0.85908
-0.27571,0.053053
0.088799,-0.45876
0.18106,0.10579
-1.1885,1.1079
0.68763,0.60543
0.42878,-0.17114
-0.59957,-0.2349
0.25128,0.95534
-0.50102,0.9338
-0.52615,0.40182
-0.036334,-0.976
1.2498,-0.60328
-0.35371,-0.22547
-0.18771,0.10644
0.16464,1.046
0.71089,0.48161
-0.3287,0.53713
-0.099436,-0.14436
0.27294,-0.59768
-1.2025,-0.20677
-0.42168,0.42668
-0.13127,0.7198
-0.26239,0.31315
0.24519,0.19607
-0.48464,0.030076
-0.063289,-0.28858
-0.15259,-0.24164
-0.15514,-0.43077
-0.61001,-0.32275
-0.14457,0.50021
-0.29403,0.77874
-0.68069,0.95004
0.08893,-1.0833
0.35345,-1.1127
0.1706,1.1256
-0.083068,0.24351
0.33648,-0.18748
0.41024,-0.18744
0.43925,-0.49901
0.03523,-0.14527
-0.38917,0.044278
-0.73684,-0.8199
-0.72664,-0.40169
0.42129,0.024921
0.62398,0.49355
-0.24056,-0.6804
0.013859,-0.1739
0.61206,-0.36682
0.78978,0.12713
0.2322,-0.35752
-0.50792,-0.088014
0.010647,-0.73045
0.055223,-0.38433
0.21068,0.48813
-0.94546,-0.36281
-0.13553,-1.1258
-1.2971,-0.84676
0.4477,0.8093
-0.31895,-0.22578
0.088865,0.40723
0.43992,1.253
0.23639,-0.58399
1.1593,-0.49893
-0.35249,0.45358
0.087769,0.034122
0.0029581,-0.66979
-0.64273,-0.83826
0.37793,-0.44788
-0.86732,0.23828
-0.12698,-0.65158
0.14513,0.21983
0.2517,-0.30503
-0.17697,-0.21605
0.082239,0.25525
0.82138,-0.30756
-0.31434,-0.088279
0.58063,-0.19923
0.46418,-0.36781
-0.428,0.90656
0.43017,0.28391
0.0033209,-0.29989
0.58762,0.56563
-0.88096,-0.57592
-0.18415,0.74207
0.19555,0.65383
-0.28859,0.23855
-0.31076,-0.93757
0.15389,0.019523
-0.38085,-0.27496
-0.38972,0.26023
-0.5204,0.29593
-0.1458,-0.11809
-0.43839,-0.41841
-0.33647,-0.45985
-0.35321,-0.32103
-0.75987,-0.8727
-1.5645,0.27284
-0.48736,0.11051
-0.19711,0.41892
0.1897,0.7398
0.11909,0.26949
-0.18937,-0.45734
-0.86211,-0.68563
0.88037,-0.64912
0.25601,0.034129
0.34471,-0.11189
-0.13687,0.31503
-0.15837,0.12083
0.70843,0.30955
-0.29738,-0.1381
0.7083,-0.89222
0.15913,0.77339
0.0056923,0.09939
0.48306,1.1538
0.47758,-0.28289
0.0028218,-0.34297
0.005421,-1.2195
-0.50313,0.2799
0.23901,-0.66545
0.25606,0.10039
0.52249,0.099977
-0.4713,-0.44837
-0.6187,0.11929
0.42283,-0.21269
-0.1618,-0.27433
-1.1002,-0.63157
-0.20819,0.16343
-0.42204,-0.60712
-0.55309,0.39835
0.13868,0.071776
0.3902,0.42872
-0.31282,-0.86144
-0.72892,0.45041
0.23541,-0.6968
-0.20733,-0.032025
0.059011,-0.030577
-0.41551,0.55176
-0.24994,-0.47472
-0.98063,-0.63783
1.3783,-0.29862
0.74177,-0.26036
0.51099,-0.29717
-0.35551,0.17728
0.079778,0.34719
-0.2523,0.27919
-0.3499,0.41232
0.33168,0.1484
-0.52858,-0.82502
-0.30012,0.062093
-0.7684,0.25664
0.80629,-0.23519
-0.072574,-0.51452
-0.029262,-0.44095
0.5169,0.38505
0.11652,-0.14109
0.81531,-1.079
0.17612,0.33579
0.022749,0.66126
-0.39148,0.030381
0.68247,-0.44777
0.63005,-0.88347
-0.11442,0.7141
0.27532,-0.0026004
0.12888,-0.45322
-0.74833,-1.0434
0.30257,-0.96065
0.19716,-0.9055
0.25128,0.13756
0.082933,-0.19069
0.62821,0.42194
-0.61795,-0.26051
0.20759,-0.18957
0.53733,-0.62963
0.26225,0.36224
0.17262,0.12362
-0.67834,0.83196
-0.069989,-0.63308
-0.49485,-0.72286
-0.46742,0.30557
-0.16513,0.095267
0.40412,-0.3336
0.37865,-0.092902
-0.14823,0.16511
-0.086965,-0.28948
0.85011,0.024227
0.010885,-0.20203
-0.73462,0.62579
-0.48133,0.056783
0.028262,0.57393
-0.12654,-0.40919
-0.28276,0.068594
-0.095331,-0.73579
0.51697,-0.23948
1.2611,-0.0074722
-0.12722,0.042849
0.11064,0.27379
1.3134,-0.97149
-0.50613,-0.34202
0.154,-0.18783
0.28121,-0.69522
0.57745,0.13246
0.16492,-0.61498
-0.29771,0.082102
-0.38274,0.40784
-0.31769,-0.39432
0.23362,-0.44783
0.48488,-0.75692
-0.36633,1.0172
-0.42465,-0.23326
0.1389,0.17807
1.4643,0.69987
-0.2535,0.33218
0.71069,-0.024629
-1.214,-0.15353
-0.64954,0.29237
-0.054206,0.5245
-0.50735,0.57673
-0.58109,0.7565
0.089834,0.59656
-0.71363,0.43173
-0.29713,-0.76933
0.63099,0.2054
-0.078999,0.1141
-0.24207,-0.68081
-1.0559,-0.85817
-0.23475,0.33606
-0.052487,0.067155
-0.22727,0.15634
0.40708,-0.3726
-0.63371,0.27181
-0.32211,-1.1072
0.12321,0.29904
0.35161,0.18536
-0.039654,0.061694
0.96769,0.023132
-0.17577,0.69592
0.5786,0.85404
0.48271,0.2793
0.69509,-0.082898
-0.14532,-0.4028
0.8671,1.1743
0.50863,-0.2948
-0.60157,-0.45089
0.028651,-0.64315
-0.77549,-0.75378
0.2249,-1.02
0.24596,0.21161
-0.52797,-0.473
-0.28944,-0.31884
0.4235,-0.071737
-0.42577,0.25216
0.49006,-0.8629
0.60198,-0.51489
-0.97242,0.037425
0.56547,0.61194
-0.19657,0.34482
-0.062013,-0.095978
0.57523,0.11935
0.48084,0.24492
-0.3224,0.27545
-0.077152,-0.61256
0.10222,-0.0037077
-0.2621,0.059115
-0.42374,0.95129
-0.79766,-0.77018
0.52563,-0.38372
-0.31977,-0.31902
0.44857,0.059324
0.24851,-0.93001
-0.89099,0.10936
-0.94023,0.95017
0.16015,0.65327
-0.88616,0.26608
0.24511,0.57256
-0.17401,-0.68407
-0.35897,-0.26312
-0.16185,-0.10658
0.12702,1.0513
-0.4182,-0.33384
0.87681,1.2335
-0.36644,-0.95701
0.24791,-0.35212
-0.038644,-0.049932
0.16121,-0.6542
0.11857,-0.20871
-0.74491,-0.070958
-0.52299,1.4321
0.025103,-0.049291
-0.11506,-0.058875
0.60855,-0.6933
-0.38392,0.50652
0.23504,-0.096531
0.67674,-0.049949
0.47456,-0.0015758
0.89503,0.41445
0.32582,-0.42793
-0.22019,0.1924
0.14455,-0.71328
0.13841,0.17682
-0.8832,-0.57562
0.73067,-0.2721
-0.56575,-0.18017
0.62418,0.2144
-1.1252,-0.27561
-0.79559,-0.30558
-0.95001,0.33437
0.51405,0.42267
0.49987,0.6222
-0.40734,-0.2545
-0.693,-0.98307
-0.46769,-0.65654
0.026719,-0.18745
0.21805,-0.46686
0.1699,0.097689
-0.8199,-0.97948
-1.1668,-0.32751
0.041859,0.2557
-0.49733,-0.21241
-1.1354,0.89119
-0.3936,0.18746
-0.80157,-0.24627
0.47984,-0.60593
0.24938,-0.59058
0.32362,0.24679
-0.061781,0.89705
-0.80341,0.26803
0.89036,0.15538
0.35403,-0.092871
0.44079,-0.89822
-0.56584,-0.54504
-0.57264,1.1967
0.86525,-0.30983
0.22089,-0.82686
-0.35298,-0.14615
0.15272,0.60195
0.30859,-0.0098953
0.62123,-0.092029
0.32748,1.0171
-0.585,-0.14034
-0.48974,-0.78432
0.49506,-0.23074
-0.85084,-0.51204
0.49275,0.3234
0.056325,-0.79258
-0.2602,-0.48116
0.66936,-0.33122
0.42558,0.84772
0.66863,0.3109
-0.6448,1.162
-0.66079,-0.34311
-0.0081727,0.37334
0.13672,-0.40153
-0.49733,-0.7509
-0.19062,-0.14397
-0.070213,-0.19056
0.25168,-0.07025
-0.29333,-0.13845
0.81981,0.032525
0.53066,-0.1901
-0.35066,0.69661
0.30597,-0.30168
0.68791,-0.11819
-0.033185,-0.025203
-0.077567,0.14177
-0.71539,0.27455
-1.2284,-0.0085366
-0.56192,0.22858
-0.505,0.434
-0.35131,-0.47136
0.13618,-0.18216
-0.2632,-0.27743
0.42361,-0.24633
-0.056565,-0.29797
-0.088283,-0.39412
0.25791,0.13232
0.42364,0.12669
0.16347,0.095344
0.77369,-0.063477
-0.17984,0.13998
-0.20026,-0.66206
-0.29765,-0.27875
0.23469,0.26616
-0.10412,0.11647
-0.44548,-0.04907
-0.15275,0.34624
0.43197,-0.27447
-0.96506,0.030371
0.58445,0.55723
0.31359,0.49616
-0.46561,-0.62843
0.2296,-0.07706
-0.5929,0.35293
0.69012,0.13039
0.14007,0.062076
-0.35376,0.010222
0.42768,-0.57138
0.47685,0.62807
-0.043148,-0.05745
0.68544,0.23693
0.22227,-0.074876
-0.40808,-0.22567
0.20881,-0.45882
-0.015374,-0.36802
-0.67048,0.815
0.43476,-0.10312
0.57362,0.041537
0.2361,0.21466
0.15106,0.0065708
-0.0054871,-0.36167
0.58919,-0.14903
-0.020891,-0.53669
0.015656,0.75011
-0.55627,0.36059
-0.73235,0.26803
0.76902,0.062038
-0.57755,0.85944
-0.52502,-0.33649
0.21906,0.18753
-0.03837,0.12654
0.21871,-0.084437
0.13285,-0.18525
-0.26009,-0.25548
0.039474,-0.505
-0.34926,-0.060252
0.17881,-0.10227
-0.0012265,-0.3149
-0.7607,-0.30188
-0.29622,0.71516
0.51216,0.25484
0.61139,0.041012
-0.28445,0.42916
-0.33918,-0.39034
0.2712,-0.29084
-0.52106,-0.39349
-0.31866,-0.68567
-0.37111,0.2635
1.0825,-0.29364
0.29931,0.89003
-0.0079171,-0.18974
0.10497,0.10393
-0.4113,0.056848
-0.29635,-0.5486
0.059255,0.44954
0.29888,0.00087335
0.35137,0.53958
-0.070398,-0.1639
0.35583,-0.0041865
0.93433,-0.64798
-0.74672,-0.53139
0.069392,-0.029048
-0.11904,0.46802
-0.076238,0.25808
0.81373,0.57907
-0.24384,1.1099
0.48599,0.11581
-0.53239,0.85145
-0.055799,-0.056927
0.01469,0.11301
1.1064,0.67627
-0.040171,0.79473
-0.17585,-0.53337
-0.22782,-0.30353
-0.062342,-0.034343
0.4131,-0.3525
0.50011,-0.15319
0.25591,0.91934
0.067974,0.25077
-0.34695,0.116
-0.39434,-0.085821
-0.35382,0.045202
-0.44046,0.42856
0.1319,-0.64138
-0.97972,-0.75242
-0.46688,-0.0055599
0.19166,-0.60499
-0.8964,-0.24915
-0.85459,-0.11984
-0.57822,0.22235
-0.31953,0.033202
-0.48248,0.86748
0.042945,-0.13845
-0.66327,0.17008
-0.54723,-0.58385
-0.35367,-0.33262
-0.31106,0.8303
0.32407,0.67812
-1.3395,-0.13831
-0.074921,-0.16143
0.82428,-0.2587
-0.40514,0.15899
-0.62254,0.81363
0.50494,1.1653
0.27713,0.10229
0.6193,0.06763
-0.0097299,-0.47198
-0.3871,-0.018521
0.33096,0.48921
-0.32748,-0.23631
-0.44206,-0.62426
0.1462,-0.14923
0.66799,-0.2156
0.437,-0.25584
0.22581,0.61523
-0.09282,0.10886
-1.3166,-0.23571
0.099956,0.055163
0.83111,0.17029
-0.00082217,0.26105
-0.64633,-0.23392
0.24829,-0.11647
-1.1969,0.36154
-0.68421,-0.63136
0.21282,-0.12149
-0.38969,-0.78982
-0.31115,-1.0936
0.17737,-0.037664
-0.65284,-0.098697
1.4685,0.11162
0.19923,0.8051
0.19308,0.0048539
0.03625,0.1596
0.53543,0.15042
0.58609,-0.054707
0.41362,-0.25991
0.42651,-0.58756
-0.2272,-0.25305
0.90185,-0.50637
-0.62014,0.13328
-0.60388,-0.52504
0.23433,0.14145
0.6706,0.1903
0.71772,0.39979
0.81428,0.064553
-1.0424,-0.32356
-0.12587,0.095108
-0.23377,0.26537
0.12233,0.97321
-0.63853,0.0037288
-0.18173,0.63342
0.26902,0.40341
-0.055736,0.45645
0.76232,-0.34618
-0.45124,0.035197
-0.34423,0.61545
-0.13728,-0.5518
0.040598,-0.39287
-0.73178,0.19842
-0.28214,0.18908
0.58525,-0.022906
-0.31753,0.16569
0.44109,0.20927
-0.020274,-0.035072
-0.50733,-0.066873
-0.0204,0.30138
0.39113,0.10732
-0.40489,-0.69263
0.045437,-0.10701
0.075434,-1.1777
0.31007,0.15531
-0.04539,-0.19846
0.29734,0.1101
-0.35825,0.005871
-0.4775,-0.38917
0.76438,-0.93417
-0.61048,1.3251
0.047463,0.19812
0.67877,-0.97057
0.88029,0.53012
-0.5234,-0.13601
0.21843,-0.43289
-0.32001,-0.25964
-0.074241,-0.32543
0.29984,0.047047
0.69062,-0.37741
0.48376,0.26948
0.32154,-0.045593
-0.041345,-0.66756
0.58664,-0.09507
0.19783,0.37236
-0.12532,0.08269
-0.21765,0.58541
-0.45459,0.65072
0.52069,0.73761
0.14334,0.72308
-0.030002,-0.079235
-0.21242,0.22736
-0.20741,-0.029277
-0.12658,-0.1066
-1.0635,-0.11777
-0.8541,0.16113
0.36993,-0.3487
0.34585,0.21395
0.006195,0.87796
0.38584,-0.015563
0.35063,0.32492
0.84216,-0.6949
0.36452,0.10189
-0.45207,-0.82922
-0.44546,-0.047888
0.20425,0.33693
-0.15867,-0.11561
0.33759,0.41563
0.60109,-0.94905
-0.60373,0.14307
0.52563,-0.44787
-0.14503,-0.22795
-0.033652,-0.2264
0.37876,-0.7751
1.0106,-0.68186
0.50439,0.57871
-0.083284,0.089968
-0.22443,0.39254
0.16025,0.11548
0.42988,-0.042453
0.60075,-0.011664
0.34679,0.038349
0.25751,0.090571
0.29441,-0.2098
0.59915,-0.16883
0.18386,-0.5679
0.69031,0.42306
-0.14993,-0.44317
-0.18886,0.19101
0.21453,0.33756
-0.27573,0.020819
-0.083817,-0.30795
0.41838,0.18008
-0.16982,-0.19943
-0.014066,-0.34761
-0.44699,-0.035115
-0.19714,-0.14578
0.22367,0.87709
-0.40788,0.93566
0.06728,-0.33822
0.32474,0.19608
-0.27077,0.06329
-0.7168,-1.2806
0.15208,-0.54163
0.3174,0.30146
0.50911,0.32303
0.38572,-0.13892
1.1204,0.1339
0.19979,0.65974
-0.52169,1.5158
-0.60805,0.71348
0.66775,-0.33382
-0.98576,-0.45693
0.080018,0.23238
0.1579,-0.2354
-0.029159,0.89497
0.21476,-0.10545
0.0093994,0.47851
-0.15876,0.41837
-0.40154,-0.35546
-0.40035,-0.90814
0.71452,0.61965
-0.34245,0.26364
0.67735,-0.42759
-0.48914,-0.20718
0.48814,0.14311
-0.080026,0.55072
-0.54826,-0.52431
0.0094194,0.18641
0.15689,-0.47205
-0.20456,-0.12722
0.09479,0.076103
0.10986,-0.37302
0.28102,0.52486
-0.099397,-0.17217
0.25242,-0.41349
0.86928,-0.39379
0.011175,-0.3917
-0.22458,-0.077979
0.51116,-0.20505
-0.016075,-0.080474
0.60001,-1.0053
0.28239,0.038898
-0.72896,0.014444
-0.036677,-0.013611
0.30827,0.0074883
0.34533,0.85953
0.34774,-0.060433
-0.35389,0.92091
-0.19088,0.5245
0.42767,0.33799
0.19495,-0.28433
0.38467,-0.057473
0.0098544,-0.016209
-0.22632,-0.59553
-0.20926,0.61885
1.0021,-0.019989
0.31657,0.21663
-0.82713,0.094092
-0.45592,-0.79581
-0.35059,0.84066
0.045609,-0.53719
0.35808,0.24585
-0.15473,0.27967
-0.14217,-0.63729
-0.62894,-0.0683
-0.47918,-0.26209
0.026511,0.072401
-0.78275,0.1566
-0.046547,0.32211
0.42767,-0.65839
0.31741,0.078796
0.65054,0.0942
-0.36938,-1.0232
-0.50949,-0.60397
0.077343,-0.67336
-0.69947,0.070939
0.95302,-0.43383
-0.79817,-1.1601
-0.44284,0.27058
-0.086551,0.010864
0.33904,0.73211
-0.96382,-0.21545
-0.36525,-0.33993
-1.2869,-0.65298
0.60058,0.34351
0.045562,0.35671
-0.68627,-0.077975
-0.1863,0.37468
0.74071,-0.43697
0.54271,0.028193
0.63958,0.49269
-0.46636,0.95753
-0.71958,0.10744
0.79094,-0.75248
-0.16711,-0.19358
0.079965,0.29163
-0.14232,0.21928
1.0875,0.77724
0.86529,0.27356
-0.34497,0.18553
0.33954,0.51692
0.37894,-0.30061
-0.64572,-0.68049
-0.2739,0.25336
0.77381,-0.047303
0.4617,-0.61255
0.6693,0.038481
0.62149,0.31854
-0.32295,-0.48683
-1.154,-0.057403
-0.074597,-0.19759
0.45731,-0.0060877
0.3445,0.38047
0.1355,-0.44287
0.287,-0.21292
-0.72499,0.48699
1.2231,-0.39943
0.0080673,0.61617
-1.0658,-0.962
-0.1233,0.52384
1.6938,1.6062
0.50829,0.32054
-0.28613,-0.89121
-0.048846,0.089136
0.048922,0.82854
0.055689,0.80089
0.38504,0.40382
-0.70256,0.39706
0.32848,-0.34948
0.19136,0.22695
0.27572,0.36138
0.58492,0.040321
0.27143,0.0053608
0.49299,-0.29862
0.52652,-0.60769
0.4422,-0.069243
0.15428,-0.17124
-0.063412,0.15824
0.43401,0.44277
0.17599,0.62719
0.18704,0.61005
0.94877,-0.58947
-0.56399,0.62462
-0.075776,0.23859
0.7825,-0.31932
-0.48632,0.045223
0.094207,0.26143
0.25234,-0.71271
-0.1017,-0.12032
-1.1714,-0.65754
0.38598,-0.55031
0.12137,-0.87951
0.14734,0.44077
0.57091,-0.21764
-0.4901,0.39213
-0.022401,0.028748
0.61446,0.91314
-0.43757,-0.24467
0.042445,0.33561
0.6711,0.28385
-0.21427,0.50119
0.29076,-0.081014
0.29687,0.10086
0.91176,-0.12541
0.6335,0.59317
-0.26653,0.34015
0.44922,0.81865
-0.6483,-0.4031
0.080442,-1.1831
-0.76325,-0.90416
0.34989,-0.31513
1.501,0.40576
0.40737,-0.079948
-0.15635,0.40739
0.58998,0.72964
0.68763,0.5463
-0.012392,-0.013066
-0.43957,-0.06722
0.19628,-0.69562
-0.20419,-0.2038
0.046875,-0.16347
-0.16155,-0.65441
-0.57938,-0.64725
0.15418,0.21619
-0.93651,-0.56175
-0.18465,0.2716
0.10455,0.43027
-0.67635,-0.32804
-0.67552,0.044802
-0.40736,0.38113
-0.8447,0.040341
-1.0812,-0.45458
-0.039339,0.19907
0.16607,-0.87894
0.23628,0.39974
-0.3992,0.50803
-0.28117,-0.4239
0.093498,0.32841
0.23118,0.14888
0.29578,-0.15525
0.34316,0.31113
-0.78008,-0.28954
0.47204,-0.18079
-0.30798,-0.12846
0.46415,-0.62822
0.39043,0.39999
0.25495,-0.32556
-0.56452,0.45523
0.2051,0.061081
0.090456,0.20393
0.18291,0.59855
0.33134,0.043736
0.48957,0.94833
0.12609,0.49431
-0.54555,0.57457
-0.28378,-0.16847
0.34206,-0.20359
-1.0898,-0.9926
-0.69258,0.27311
-0.24905,-0.16612
-0.53773,0.93912
-0.1209,-0.40329
0.12924,-0.7859
-0.2611,0.049491
1.0449,0.14936
0.15672,0.38929
0.51981,-0.26772
0.17845,-0.84739
0.2373,-0.5661
-0.081016,0.10306
-0.42279,0.63832
-0.25776,-0.31596
0.33909,0.65931
